time_s,imp_IMP_MYUSM_L1,imp_IMP_MYUSM_R1,imp_IMP_MYUSM_L2,imp_IMP_MYUSM_R2,imp_IMP_FS_L1,imp_IMP_FS_R1,imp_IMP_FS_L2,imp_IMP_FS_R2,exp_AVy_L1,exp_AVy_R1,exp_AVy_L2,exp_AVy_R2,exp_Fz_L1,exp_Fz_R1,exp_Fz_L2,exp_Fz_R2,exp_CmpS_L1,exp_CmpS_R1,exp_CmpS_L2,exp_CmpS_R2,exp_Vz_Wc_L1,exp_Vz_Wc_R1,exp_Vz_Wc_L2,exp_Vz_Wc_R2,exp_Xo,exp_Vx,exp_Roll_E,exp_Pitch,exp_X_L1,exp_X_R1,exp_X_L2,exp_X_R2
0.0005,0,0,0,0,0,0,0,0,403.434583,403.434583,403.434583,403.434583,3483.16024,3483.16024,3161.31263,3161.31263,168.135194,168.135194,66.6255625,66.6255625,-0.813442393,-0.813442393,1.6767543,1.6767543,-5,40,0,1.17278274,-4.99211838,-4.99211838,-6.91783589,-6.91783589
0.001,0,0,0,0,0,0,0,0,403.336338,403.334316,403.517154,403.518665,3483.13324,3481.87632,3161.31263,3161.31263,168.135194,168.135194,66.6255625,66.6255625,-0.848052094,-0.847351362,1.59484907,1.59352708,-4.99444444,40.0000003,0,1.17278274,-4.98656183,-4.98651549,-6.91228034,-6.91228034
0.0015,0,0,0,0,0,0,0,0,403.248971,403.245139,403.561025,403.563563,3484.72172,3483.60291,3165.06045,3165.12121,168.128876,168.128629,66.6069638,66.6067391,-0.878419184,-0.879458472,1.54090146,1.53859717,-4.98888946,40.0000005,1.85494502e-06,1.17282827,-4.98100685,-4.9809627,-6.90672572,-6.90672573
0.002,0,0,0,0,0,0,0,0,403.166765,403.161276,403.589671,403.593031,3487.18097,3486.23639,3170.01132,3170.1576,168.119108,168.118468,66.5823673,66.5818402,-0.906381767,-0.908994649,1.49780452,1.49465758,-4.98333458,40.0000008,5.11512759e-06,1.17288357,-4.97545207,-4.97540966,-6.90117137,-6.90117139
0.0025,0,0,0,0,0,0,0,0,403.089589,403.082575,403.604214,403.608231,3490.46762,3489.73607,3176.0952,3176.35053,168.106062,168.104897,66.5521125,66.5512108,-0.931961094,-0.936035624,1.46477818,1.46090095,-4.97777982,40.0000009,9.8085394e-06,1.17294822,-4.96989749,-4.96985663,-6.89561727,-6.8956173
0.003,0,0,0,0,0,0,0,0,403.016882,403.008464,403.607662,403.61221,3494.51185,3494.02992,3183.01337,3183.39823,168.090016,168.088206,66.5176699,66.5163357,-0.955294119,-0.960726398,1.43964085,1.43511791,-4.9722251,40.0000005,1.59754485e-05,1.17301799,-4.96434306,-4.96430358,-6.89006334,-6.89006339
0.0035,0,0,0,0,0,0,0,0,402.94821,402.938496,403.602119,403.607094,3499.24668,3499.05174,3190.55638,3191.08907,168.071225,168.068658,66.480069,66.4782547,-0.976521924,-0.983224524,1.42089522,1.41579457,-4.96667041,39.9999995,2.3650687e-05,1.17309022,-4.95878866,-4.95875051,-6.88450952,-6.88450959
0.004,0,0,0,0,0,0,0,0,402.883204,402.87229,403.589267,403.594582,3504.61771,3504.73991,3198.55031,3199.24726,168.049926,168.046498,66.4401622,66.4378286,-0.995800316,-1.0036848,1.40735778,1.40173708,-4.96111571,39.9999974,3.28640195e-05,1.17316281,-4.95323446,-4.95319741,-6.87895578,-6.87895586
0.0045,0,0,0,0,0,0,0,0,402.821557,402.809527,403.570456,403.576032,3510.56657,3511.03719,3206.85319,3207.72922,168.026336,168.021955,66.3986446,66.3957603,-1.01326337,-1.02225573,1.39809719,1.3920076,-4.95556098,39.9999939,4.36414765e-05,1.17323417,-4.94768034,-4.94764428,-6.87340207,-6.87340217
0.005,0,0,0,0,0,0,0,0,402.763006,402.749934,403.546793,403.552558,3517.0416,3517.89048,3215.34775,3216.4162,168.00066,167.995237,66.3560879,66.3526284,-1.02904261,-1.03907671,1.39236211,1.38585045,-4.95000622,39.9999888,5.60061342e-05,1.17330311,-4.94212629,-4.94209112,-6.86784837,-6.8678485
0.0055,0,0,0,0,0,0,0,0,402.70733,402.693282,403.519203,403.525091,3523.99489,3525.25052,3223.93745,3225.21028,167.973084,167.966538,66.3129626,66.3089097,-1.04326021,-1.05427678,1.38953534,1.3826451,-4.9444514,39.9999816,6.99785796e-05,1.17336872,-4.93657229,-4.93653794,-6.86229466,-6.86229481
0.006,0,0,0,0,0,0,0,0,402.654338,402.639373,403.488479,403.494429,3531.38193,3533.07158,3232.54253,3234.03043,167.94378,167.936036,66.2696549,66.2649964,-1.05602858,-1.06797419,1.38909903,1.38187073,-4.93889653,39.9999719,8.55771666e-05,1.17343035,-4.93101833,-4.93098473,-6.85674092,-6.8567411
0.0065,0,0,0,0,0,0,0,0,402.603871,402.58804,403.455305,403.46126,3539.15847,3541.31119,3241.09798,3242.81041,167.91291,167.903897,66.2264793,66.2212086,-1.06744486,-1.08027655,1.39061422,1.38308506,-4.93334159,39.9999595,0.00010281821,1.17348756,-4.9254643,-4.92543149,-6.85118715,-6.85118734
0.007,0,0,0,0,0,0,0,0,402.555791,402.539142,403.420278,403.426189,3547.29188,3549.92984,3249.55088,3251.49623,167.88062,167.870273,66.1836893,66.1778047,-1.07761397,-1.0912814,1.39370415,1.38590775,-4.92778658,39.9999439,0.000121716021,1.17354007,-4.9199104,-4.91987821,-6.84563332,-6.84563354
0.0075,0,0,0,0,0,0,0,0,402.509983,402.492558,403.383922,403.389743,3555.74338,3558.89068,3257.85925,3260.04495,167.84705,167.835307,66.1414858,66.1349901,-1.08661497,-1.10107689,1.39804615,1.39001234,-4.92223152,39.9999248,0.000142282981,1.17358773,-4.91435651,-4.91432492,-6.84007943,-6.84007968
0.008,0,0,0,0,0,0,0,0,402.466348,402.448188,403.346693,403.352388,3564.47944,3568.15925,3265.99,3268.42263,167.812327,167.799131,66.1000244,66.0929245,-1.09452498,-1.10974263,1.40336289,1.3951174,-4.91667638,39.9999018,0.000164529684,1.17363055,-4.90880265,-4.90877159,-6.83452548,-6.83452575
0.0085,0,0,0,0,0,0,0,0,402.424808,402.40595,403.308992,403.314529,3573.46868,3577.7033,3273.91813,3276.60353,167.776571,167.761868,66.0594225,66.0517282,-1.10141393,-1.11734999,1.40941913,1.40098344,-4.91112118,39.9998746,0.000188464985,1.17366859,-4.90324879,-4.90321824,-6.82897147,-6.82897176
0.009,0,0,0,0,0,0,0,0,402.385294,402.365775,403.271163,403.276518,3582.68168,3587.4925,3281.62501,3284.56845,167.739892,167.723632,66.0197643,66.0114885,-1.10734523,-1.12396267,1.41601565,1.40740711,-4.90556593,39.9998428,0.000214096254,1.17370202,-4.89769494,-4.89766487,-6.82341739,-6.82341771
0.0095,0,0,0,0,0,0,0,0,402.347753,402.327612,403.233503,403.238658,3592.0876,3597.49824,3289.0978,3292.30409,167.702396,167.684533,65.9811073,65.9722647,-1.11237006,-1.12963834,1.42298731,1.41421936,-4.90001061,39.9998062,0.000241429655,1.17373106,-4.89214098,-4.89211147,-6.81786325,-6.81786359
0.01,0,0,0,0,0,0,0,0,402.312142,402.291415,403.196267,403.201208,3601.66667,3607.69351,3296.32801,3299.80163,167.664179,167.644672,65.9434861,65.9340932,-1.116553,-1.13442967,1.43019766,1.42128015,-4.89445525,39.9997643,0.000270470061,1.173756,-4.88658715,-4.88655806,-6.81230905,-6.81230941
0.0105,0,0,0,0,0,0,0,0,402.278425,402.25715,403.159669,403.164389,3611.3911,3618.05272,3303.31109,3307.05628,167.625335,167.604144,65.9069173,65.8969916,-1.11993581,-1.13838507,1.43753715,1.4284768,-4.88889984,39.999717,0.000301221141,1.17377714,-4.88103332,-4.88100463,-6.80675479,-6.80675517
0.011,0,0,0,0,0,0,0,0,402.246577,402.22479,403.123889,403.128385,3621.23757,3628.5516,3310.04526,3314.06609,167.58595,167.563039,65.8714029,65.8609626,-1.12256311,-1.14154938,1.44491806,1.43571891,-4.8833444,39.9996638,0.000333685522,1.17379482,-4.87547949,-4.87545118,-6.80120047,-6.80120088
0.0115,0,0,0,0,0,0,0,0,402.216573,402.194312,403.089079,403.09335,3631.18404,3639.16715,3316.53125,3320.83175,167.546105,167.521444,65.8369337,65.8259973,-1.12447642,-1.14396436,1.45227282,1.44293672,-4.87778891,39.9996047,0.000367864913,1.17380939,-4.86992567,-4.86989773,-6.7956461,-6.79564653
0.012,0,0,0,0,0,0,0,0,402.188397,402.165698,403.055361,403.059412,3641.20678,3649.87751,3322.77137,3327.35555,167.505877,167.479438,65.8034917,65.7920779,-1.12570922,-1.14566921,1.45954946,1.4500765,-4.87223341,39.9995392,0.00040376019,1.17382121,-4.86437175,-4.86434426,-6.79009168,-6.79009213
0.0125,0,0,0,0,0,0,0,0,402.162032,402.138933,403.02284,403.026676,3651.2917,3660.66191,3328.76946,3333.64136,167.465338,167.437097,65.7710527,65.75918,-1.1263093,-1.14670088,1.46671028,1.45709923,-4.86667787,39.9994671,0.000441371506,1.17383064,-4.85881793,-4.85879079,-6.78453722,-6.78453769
0.013,0,0,0,0,0,0,0,0,402.137467,402.114004,402.991599,402.995226,3661.4172,3671.50063,3334.53009,3339.69383,167.424558,167.394495,65.7395881,65.7272745,-1.12630573,-1.14709441,1.47372794,1.46397659,-4.86112233,39.9993883,0.000480698356,1.17383802,-4.85326413,-4.85323731,-6.77898272,-6.77898322
0.0135,0,0,0,0,0,0,0,0,402.114689,402.0909,402.961705,402.965134,3671.56553,3682.37491,3340.05869,3345.51847,167.383601,167.351697,65.709066,65.6963293,-1.12573168,-1.14688321,1.48058467,1.47069016,-4.85556677,39.9993025,0.000521739683,1.17384369,-4.84771033,-4.84768383,-6.77342819,-6.77342871
0.014,0,0,0,0,0,0,0,0,402.093688,402.069609,402.933213,402.936453,3681.71987,3693.26695,3345.36088,3351.12101,167.342526,167.30877,65.6794529,65.6663104,-1.12461874,-1.14609921,1.48726908,1.47722816,-4.8500112,39.9992096,0.000564493942,1.17384799,-4.84215654,-4.84213035,-6.76787362,-6.76787417
0.0145,0,0,0,0,0,0,0,0,402.074452,402.050122,402.906167,402.909229,3691.86139,3704.15985,3350.4427,3356.50762,167.301393,167.265773,65.6507143,65.6371827,-1.12299163,-1.14477311,1.49377589,1.48358511,-4.84445564,39.9991094,0.000608959125,1.17385122,-4.83660266,-4.83657686,-6.76231904,-6.7623196
0.015,0,0,0,0,0,0,0,0,402.05697,402.032426,402.880599,402.883494,3701.98087,3715.03759,3355.31008,3361.68432,167.260253,167.222764,65.6228157,65.608911,-1.12089082,-1.14293448,1.50010334,1.48975924,-4.83890008,39.9990017,0.000655132812,1.17385368,-4.83104889,-4.83102338,-6.75676444,-6.75676502
0.0155,0,0,0,0,0,0,0,0,402.04123,402.016509,402.856538,402.859277,3712.06119,3725.88498,3359.96907,3366.65731,167.219158,167.179797,65.5957226,65.5814605,-1.11833857,-1.1406119,1.50625341,1.49575259,-4.83334454,39.9988864,0.000703012165,1.17385564,-4.82549513,-4.8254699,-6.75120982,-6.75121042
0.016,0,0,0,0,0,0,0,0,402.027219,402.002357,402.834001,402.836596,3722.08894,3736.68765,3364.42547,3371.43247,167.178155,167.136922,65.5694016,65.5547969,-1.11536206,-1.13783305,1.51222969,1.50156896,-4.82778901,39.9987635,0.000752593981,1.17385736,-4.81994138,-4.81991643,-6.74565519,-6.74565582
0.0165,0,0,0,0,0,0,0,0,402.014921,401.989956,402.813002,402.815464,3732.0515,3747.43204,3368.68504,3376.01569,167.137288,167.094187,65.5438199,65.5288873,-1.11198751,-1.13462478,1.51803793,1.50721437,-4.82223349,39.9986328,0.000803874713,1.17385907,-4.81438765,-4.81436295,-6.74010055,-6.7401012
0.017,0,0,0,0,0,0,0,0,402.00432,401.979289,402.79355,402.79589,3741.93413,3758.10534,3372.75322,3380.41248,167.096599,167.051636,65.5189462,65.5036997,-1.10823482,-1.13101319,1.52368436,1.51269531,-4.81667801,39.9984942,0.000856850445,1.17386098,-4.80883382,-4.80880949,-6.73454591,-6.73454658
0.0175,0,0,0,0,0,0,0,0,401.995399,401.970337,402.775648,402.777878,3751.73145,3768.69552,3376.63529,3384.62822,167.056126,167.009312,65.4947504,65.4792034,-1.10413983,-1.12702366,1.52917622,1.51801935,-4.81112254,39.9983477,0.00091151691,1.1738633,-4.80328012,-4.80325603,-6.72899127,-6.72899197
0.018,0,0,0,0,0,0,0,0,401.988136,401.963079,402.759298,402.761428,3761.43019,3779.19125,3380.33635,3388.66807,167.015904,166.967252,65.4712035,65.4553692,-1.09972066,-1.12268091,1.53452114,1.52319445,-4.80556711,39.9981932,0.000967869462,1.17386621,-4.79772643,-4.79770259,-6.72343664,-6.72343736
0.0185,0,0,0,0,0,0,0,0,401.982511,401.957495,402.744496,402.746536,3771.02061,3789.58195,3383.86105,3392.53677,166.975967,166.925493,65.4482782,65.4321694,-1.09500055,-1.11800898,1.5397262,1.52822803,-4.80001172,39.9980309,0.0010259031,1.17386986,-4.79217276,-4.79214915,-6.71788201,-6.71788275
0.019,0,0,0,0,0,0,0,0,401.9785,401.953559,402.731236,402.733196,3780.49367,3799.85772,3387.214,3396.23895,166.936345,166.884069,65.4259483,65.4095774,-1.09000195,-1.11303128,1.544799,1.53312802,-4.79445636,39.9978605,0.00108561248,1.17387439,-4.78661911,-4.78659572,-6.7123274,-6.71232816
0.0195,0,0,0,0,0,0,0,0,401.976076,401.951244,402.719507,402.721398,3789.83822,3810.00934,3390.39955,3399.77902,166.897066,166.843009,65.4041891,65.3875681,-1.08474133,-1.10777061,1.5497469,1.5379021,-4.78890104,39.9976822,0.00114699186,1.17387993,-4.78106537,-4.7810423,-6.7067728,-6.70677358
0.02,0,0,0,0,0,0,0,0,401.975213,401.950523,402.709299,402.711129,3799.05202,3820.02827,3393.42167,3403.16098,166.858155,166.802343,65.382977,65.3661179,-1.07925061,-1.10224912,1.55457642,1.54255709,-4.78334576,39.997496,0.00121003515,1.1738866,-4.77551176,-4.7754889,-6.70121821,-6.70121902
0.0205,0,0,0,0,0,0,0,0,401.97588,401.951365,402.700595,402.702375,3808.12519,3829.9066,3396.28426,3406.38876,166.819635,166.762095,65.3622897,65.345204,-1.07354464,-1.09648834,1.55929426,1.54709998,-4.77779053,39.997302,0.00127473584,1.17389447,-4.76995816,-4.7699355,-6.69566365,-6.69566448
0.021,0,0,0,0,0,0,0,0,401.978047,401.953738,402.693378,402.695116,3817.05116,3839.63706,3398.99103,3409.46607,166.781528,166.722289,65.342106,65.3248051,-1.06764323,-1.09050917,1.56390675,1.55153737,-4.77223535,39.9971002,0.00134108704,1.17390364,-4.76440459,-4.76438213,-6.6901091,-6.69010996
0.0215,0,0,0,0,0,0,0,0,401.981679,401.957607,402.687629,402.689333,3825.82399,3849.21036,3401.54534,3412.39629,166.743851,166.682946,65.3224059,65.3049011,-1.06156543,-1.0843268,1.5684193,1.55587493,-4.76668021,39.9968906,0.00140908147,1.17391416,-4.75885104,-4.75882867,-6.68455458,-6.68455546
0.022,0,0,0,0,0,0,0,0,401.986743,401.962936,402.683325,402.685003,3834.43826,3858.62831,3403.95052,3415.18274,166.706622,166.644085,65.3031704,65.2854726,-1.05532959,-1.0779762,1.57283743,1.56011843,-4.76112513,39.9966735,0.00147871147,1.17392609,-4.75329751,-4.75327542,-6.67900009,-6.67900099
0.0225,0,0,0,0,0,0,0,0,401.9932,401.969689,402.680442,402.682102,3842.88596,3867.87526,3406.20972,3417.82857,166.669854,166.605722,65.2843812,65.2665014,-1.04894732,-1.0714563,1.57716627,1.5642732,-4.7555701,39.9964489,0.00154996898,1.17393947,-4.74774389,-4.747722,-6.67344562,-6.67344655
0.023,0,0,0,0,0,0,0,0,402.001014,401.977824,402.678952,402.680602,3851.16903,3876.95573,3408.32582,3420.33663,166.633561,166.567872,65.2660213,65.2479703,-1.0424479,-1.06480405,1.5814101,1.56834374,-4.75001512,39.996217,0.00162284554,1.17395431,-4.74219041,-4.74216877,-6.66789119,-6.66789214
0.0235,0,0,0,0,0,0,0,0,402.010143,401.987301,402.678828,402.680474,3859.28048,3885.85655,3410.30166,3422.70977,166.597752,166.530547,65.2480742,65.2298627,-1.03584125,-1.05801965,1.5855733,1.57233463,-4.7444602,39.9959778,0.00169733224,1.17397064,-4.73663695,-4.7366154,-6.66233678,-6.66233776
0.024,0,0,0,0,0,0,0,0,402.020547,401.998078,402.680038,402.681687,3867.21693,3894.58193,3412.13998,3424.95066,166.562437,166.493757,65.2305245,65.2121632,-1.02914299,-1.051136,1.58965993,1.57625008,-4.73890534,39.9957316,0.00177341981,1.17398846,-4.73108352,-4.73106219,-6.65678241,-6.65678342
0.0245,0,0,0,0,0,0,0,0,402.032182,402.010111,402.682549,402.684207,3874.97546,3903.12104,3413.84325,3427.06176,166.527623,166.457511,65.2133572,65.1948566,-1.02236793,-1.04415451,1.59367325,1.58009354,-4.73335053,39.9954785,0.00185109857,1.17400776,-4.72553011,-4.72550887,-6.65122807,-6.65122911
0.025,0,0,0,0,0,0,0,0,402.045006,402.023354,402.686327,402.688001,3882.55359,3911.47774,3415.41395,3429.04552,166.493315,166.421816,65.1965583,65.177929,-1.01553013,-1.03710403,1.59761668,1.58386859,-4.72779578,39.9952187,0.00193035847,1.17402853,-4.71997674,-4.71995569,-6.64567377,-6.64567483
0.0255,0,0,0,0,0,0,0,0,402.058972,402.037761,402.691336,402.69303,3889.94631,3919.64345,3416.85447,3430.90428,166.459517,166.386677,65.1801142,65.1613666,-1.00863713,-1.02998705,1.60149339,1.58757851,-4.72224109,39.9949524,0.00201118904,1.17405074,-4.71442328,-4.71440242,-6.64011951,-6.64012059
0.026,0,0,0,0,0,0,0,0,402.074036,402.053285,402.697536,402.699256,3897.15783,3927.61918,3418.16697,3432.64015,166.426231,166.352098,65.164012,65.1451567,-1.00171292,-1.02282371,1.60530582,1.59122589,-4.71668645,39.9946798,0.0020935794,1.17407435,-4.70886995,-4.70884918,-6.63456528,-6.6345664
0.0265,0,0,0,0,0,0,0,0,402.090149,402.069876,402.704888,402.706639,3904.1839,3935.40679,3419.35364,3434.25528,166.393459,166.31808,65.1482394,65.1292868,-0.994763195,-1.01563371,1.60905662,1.59481351,-4.71113188,39.9944011,0.00217751822,1.17409933,-4.70331666,-4.70329609,-6.6290111,-6.62901224
0.027,0,0,0,0,0,0,0,0,402.107264,402.087486,402.713351,402.715137,3911.02352,3942.99811,3420.41658,3435.7517,166.361201,166.284624,65.1327846,65.113745,-0.987798877,-1.00841564,1.61274808,1.59834376,-4.70557736,39.9941166,0.00226299379,1.17412563,-4.69776339,-4.6977429,-6.62345695,-6.62345812
0.0275,0,0,0,0,0,0,0,0,402.125333,402.106065,402.722882,402.724707,3917.67606,3950.39572,3421.35782,3437.1314,166.329455,166.251731,65.1176362,65.0985201,-0.980830068,-1.00118788,1.61638246,1.60181902,-4.70002291,39.9938264,0.00234999403,1.17415319,-4.69221015,-4.69218974,-6.61790285,-6.61790404
0.028,0,0,0,0,0,0,0,0,402.144307,402.125563,402.733436,402.735303,3924.14115,3957.59908,3422.17921,3438.39617,166.298218,166.219396,65.1027833,65.0836011,-0.973866126,-0.993960869,1.61996133,1.60524094,-4.69446851,39.9935309,0.0024385065,1.17418195,-4.68665694,-4.6866366,-6.61234878,-6.61235
0.0285,0,0,0,0,0,0,0,0,402.164135,402.145928,402.744968,402.746881,3930.41591,3964.60795,3422.88266,3439.54785,166.267489,166.187619,65.0882156,65.0689777,-0.966910285,-0.986744367,1.62348658,1.60861151,-4.68891417,39.9932303,0.00252851842,1.17421184,-4.68110366,-4.6810835,-6.60679476,-6.60679601
0.029,0,0,0,0,0,0,0,0,402.184767,402.167109,402.757431,402.759392,3936.50609,3971.42532,3423.46999,3440.58819,166.237262,166.156394,65.0739229,65.0546398,-0.959981485,-0.979553024,1.6269598,1.6119324,-4.6833599,39.9929249,0.00262001673,1.1742428,-4.67555051,-4.67553053,-6.60124078,-6.60124206
0.0295,0,0,0,0,0,0,0,0,402.206153,402.189055,402.770777,402.772789,3942.40933,3978.04564,3423.943,3441.51893,166.207532,166.125716,65.0598956,65.0405778,-0.953081369,-0.9723835,1.63038259,1.61520528,-4.67780567,39.9926149,0.00271298803,1.17427474,-4.66999739,-4.66997748,-6.59568684,-6.59568815
0.03,0,0,0,0,0,0,0,0,402.228241,402.211712,402.784958,402.787022,3948.12622,3984.47238,3424.30333,3442.34163,166.178293,166.095581,65.0461245,65.0267823,-0.946216666,-0.965249239,1.63375593,1.6184312,-4.67225151,39.9923006,0.00280741863,1.17430757,-4.6644443,-4.66442446,-6.59013295,-6.59013428
0.0305,0,0,0,0,0,0,0,0,402.250981,402.23503,402.799924,402.802042,3953.65759,3990.70633,3424.55267,3443.05793,166.14954,166.06598,65.0326005,65.0132445,-0.939393433,-0.958156988,1.63708117,1.62161157,-4.6666974,39.9919822,0.00290329461,1.17434123,-4.65889125,-4.65887146,-6.58457909,-6.58458046
0.031,0,0,0,0,0,0,0,0,402.274319,402.258956,402.815625,402.817798,3959.00443,3996.74848,3424.69265,3443.66937,166.121264,166.036908,65.019315,64.9999557,-0.932617159,-0.951112914,1.6403594,1.62474753,-4.66114335,39.9916602,0.00300060183,1.17437561,-4.65333822,-4.6533185,-6.57902529,-6.57902668
0.0315,0,0,0,0,0,0,0,0,402.298205,402.283436,402.83201,402.834239,3964.16518,4002.59997,3424.72491,3444.17751,166.093459,166.008355,65.0062597,64.9869076,-0.925887521,-0.944122566,1.64359175,1.62784026,-4.65558936,39.9913347,0.00309932592,1.17441062,-4.64778512,-4.64776557,-6.57347152,-6.57347295
0.032,0,0,0,0,0,0,0,0,402.322586,402.308418,402.849028,402.851312,3969.14658,4008.26213,3424.65091,3444.58375,166.066115,165.980314,64.9934266,64.9740922,-0.919219691,-0.937190916,1.64677879,1.63089038,-4.65003542,39.991006,0.0031994523,1.17444618,-4.64223215,-4.64221266,-6.5679178,-6.56791926
0.0325,0,0,0,0,0,0,0,0,402.34741,402.333851,402.866626,402.868966,3973.94736,4013.73645,3424.47222,3444.88956,166.039225,165.952775,64.9808078,64.9615017,-0.912612131,-0.930322393,1.64992149,1.63389889,-4.64448153,39.9906745,0.00330096621,1.17448217,-4.63667922,-4.63665979,-6.56236412,-6.56236561
0.033,0,0,0,0,0,0,0,0,402.372625,402.35968,402.884754,402.887147,3978.56906,4019.02451,3424.19032,3445.09637,166.012779,165.92573,64.9683958,64.9491287,-0.906068445,-0.92352092,1.65302058,1.63686654,-4.6389277,39.9903405,0.00340385272,1.1745185,-4.63112632,-4.63110694,-6.55681049,-6.556812
0.0335,0,0,0,0,0,0,0,0,402.398179,402.385854,402.903357,402.905804,3983.01335,4024.12804,3423.80672,3445.20558,165.986769,165.899167,64.9561834,64.9369659,-0.899591757,-0.916789949,1.65607684,1.63979417,-4.63337392,39.9900042,0.00350809675,1.17455507,-4.62557344,-4.62555412,-6.5512569,-6.55125844
0.034,0,0,0,0,0,0,0,0,402.424021,402.41232,402.922385,402.924884,3987.28198,4029.04563,3423.32278,3445.21849,165.961184,165.873078,64.9441636,64.9250063,-0.893184814,-0.91012616,1.65909061,1.6426821,-4.62782018,39.989666,0.00361368309,1.17459177,-4.6200206,-4.62000121,-6.54570335,-6.54570492
0.0345,0,0,0,0,0,0,0,0,402.450099,402.439027,402.941786,402.944334,3991.37407,4033.78568,3422.73995,3445.13646,165.936015,165.847452,64.9323294,64.9132431,-0.886844718,-0.903545018,1.66206254,1.64553104,-4.6222665,39.9893262,0.0037205964,1.1746285,-4.61446769,-4.61444845,-6.54014984,-6.54015144
0.035,0,0,0,0,0,0,0,0,402.476361,402.465924,402.961506,402.964102,3995.29698,4038.34695,3422.05962,3444.96081,165.911251,165.822279,64.9206744,64.9016697,-0.880584282,-0.89704215,1.66499312,1.64834147,-4.61671286,39.988985,0.00382882124,1.17466514,-4.60891491,-4.60889572,-6.53459637,-6.53459801
0.0355,0,0,0,0,0,0,0,0,402.502757,402.492958,402.981495,402.984135,3999.04997,4042.72848,3421.28317,3444.69282,165.886884,165.797547,64.909192,64.8902798,-0.874399755,-0.890613657,1.66788278,1.65111383,-4.61115927,39.9886428,0.00393834207,1.1747016,-4.60336215,-4.6033429,-6.52904295,-6.52904461
0.036,0,0,0,0,0,0,0,0,402.529238,402.52008,403.001701,403.004382,4002.63505,4046.93842,3420.412,3444.33381,165.862901,165.773245,64.8978761,64.8790671,-0.868292702,-0.884273049,1.67073206,1.65384869,-4.60560573,39.9882998,0.00404914323,1.17473776,-4.59780943,-4.59779023,-6.52348957,-6.52349126
0.0365,0,0,0,0,0,0,0,0,402.555751,402.547239,403.022073,403.024792,4006.05432,4050.97595,3419.44735,3443.88496,165.839293,165.749364,64.8867207,64.8680258,-0.862264368,-0.878015495,1.67354099,1.65654607,-4.60005223,39.9879565,0.00416120902,1.1747735,-4.59225674,-4.59223758,-6.51793622,-6.51793794
0.037,0,0,0,0,0,0,0,0,402.58225,402.574387,403.04246,403.045129,4009.30988,4054.83944,3418.3906,3443.34754,165.81605,165.725891,64.8757199,64.8571499,-0.856315781,-0.871834684,1.67631019,1.65920674,-4.59449877,39.9876134,0.00427452367,1.17480873,-4.58670408,-4.58668481,-6.51238292,-6.51238467
0.0375,0,0,0,0,0,0,0,0,402.608687,402.601475,403.062338,403.064925,4012.40112,4058.53879,3417.24304,3442.72277,165.793161,165.702815,64.8648681,64.8464339,-0.850442319,-0.865746658,1.67904056,1.66183146,-4.58894535,39.9872721,0.00438907128,1.17484331,-4.58115134,-4.58113222,-6.50682965,-6.50683143
0.038,0,0,0,0,0,0,0,0,402.635014,402.628457,403.081541,403.084003,4015.33577,4062.06968,3416.00594,3442.01184,165.770615,165.680126,64.8541602,64.8358726,-0.844655637,-0.859738602,1.68173204,1.66442021,-4.58339197,39.9869334,0.00450483595,1.17487714,-4.57559873,-4.57557954,-6.50127643,-6.50127823
0.0385,0,0,0,0,0,0,0,0,402.660579,402.65477,403.09987,403.102164,4018.11324,4065.43996,3414.68062,3441.21596,165.748402,165.657812,64.8435909,64.825461,-0.838949555,-0.853821319,1.68438494,1.66697325,-4.57783862,39.9865996,0.0046218017,1.17491009,-4.57004615,-4.570027,-6.49572324,-6.49572507
0.039,0,0,0,0,0,0,0,0,402.685151,402.680098,403.117151,403.119234,4020.73572,4068.64325,3413.26826,3440.33625,165.72651,165.635862,64.8331554,64.8151942,-0.833324212,-0.84797733,1.68699869,1.66949004,-4.57228531,39.986272,0.00473995251,1.17494201,-4.56449359,-4.56447426,-6.49017008,-6.49017194
0.0395,0,0,0,0,0,0,0,0,402.708502,402.704213,403.133242,403.135073,4023.20537,4071.68945,3411.77018,3439.37395,165.704931,165.614264,64.8228491,64.8050675,-0.827779317,-0.842221931,1.68957323,1.67197049,-4.56673203,39.9859517,0.00485927234,1.17497279,-4.55894106,-4.5589216,-6.48461696,-6.48461884
0.04,0,0,0,0,0,0,0,0,402.730429,402.726907,403.148028,403.149566,4025.52439,4074.57848,3410.18765,3438.33024,165.683652,165.593007,64.8126673,64.7950763,-0.822314728,-0.836549807,1.69210826,1.67441429,-4.56117878,39.9856396,0.00497974512,1.17500227,-4.55338855,-4.55336895,-6.47906387,-6.47906578
0.0405,0,0,0,0,0,0,0,0,402.750766,402.748005,403.161419,403.162629,4027.69226,4077.31272,3408.52197,3437.20633,165.662663,165.572081,64.8026056,64.7852162,-0.816924932,-0.830960858,1.69460347,1.67682111,-4.55562555,39.9853366,0.00510135477,1.17503033,-4.54783596,-4.54781629,-6.4735108,-6.47351274
0.041,0,0,0,0,0,0,0,0,402.769387,402.767372,403.173355,403.174202,4029.71653,4079.89454,3406.77445,3436.00346,165.641954,165.551474,64.7926595,64.7754828,-0.81162022,-0.825454854,1.69705868,1.67919076,-4.55007234,39.9850431,0.0052240852,1.1750568,-4.54228349,-4.54226363,-6.46795776,-6.46795973
0.0415,0,0,0,0,0,0,0,0,402.786196,402.784908,403.183797,403.184251,4031.59668,4082.32629,3404.94631,3434.72277,165.621515,165.531176,64.7828247,64.7658718,-0.806394793,-0.820031527,1.6994733,1.68152263,-4.54451915,39.9847597,0.0053479203,1.17508156,-4.53673103,-4.53671098,-6.46240475,-6.46240674
0.042,0,0,0,0,0,0,0,0,402.801135,402.800548,403.192733,403.192765,4033.33487,4084.61032,3403.03889,3433.36552,165.601336,165.511175,64.7730971,64.756379,-0.80124835,-0.814690572,1.7018472,1.68381657,-4.53896597,39.9844864,0.00547284393,1.17510446,-4.53117859,-4.53115833,-6.45685176,-6.45685377
0.0425,0,0,0,0,0,0,0,0,402.814175,402.814261,403.200168,403.199757,4034.93326,4086.74895,3401.05348,3431.93291,165.581406,165.491462,64.7634724,64.7470002,-0.796180506,-0.80943166,1.70418014,1.68607231,-4.5334128,39.9842234,0.00559884002,1.17512536,-4.52562616,-4.52560569,-6.45129879,-6.45130082
0.043,0,0,0,0,0,0,0,0,402.82532,402.826046,403.206131,403.205257,4036.394,4088.74452,3398.99139,3430.42619,165.561715,165.472024,64.7539465,64.7377312,-0.791190873,-0.804254434,1.70647191,1.68828962,-4.52785964,39.9839706,0.00572589246,1.17514412,-4.52007374,-4.52005305,-6.44574583,-6.44574789
0.0435,0,0,0,0,0,0,0,0,402.834599,402.835931,403.210665,403.209316,4037.71921,4090.5993,3396.85392,3428.84656,165.542254,165.452853,64.7445154,64.7285681,-0.786279054,-0.799158522,1.70872238,1.69046833,-4.52230649,39.9837277,0.00585398516,1.1751606,-4.51452133,-4.51450043,-6.44019289,-6.44019497
0.044,0,0,0,0,0,0,0,0,402.842067,402.843971,403.213831,403.211997,4038.90809,4092.31558,3394.6424,3427.19528,165.523012,165.433938,64.735175,64.7195068,-0.781438872,-0.794143533,1.71093161,1.69260848,-4.51675333,39.9834944,0.00598310207,1.17517466,-4.50896881,-4.50894781,-6.43463997,-6.43464206
0.0445,0,0,0,0,0,0,0,0,402.847799,402.850241,403.215704,403.213379,4039.96867,4093.89563,3392.35805,3425.4735,165.503981,165.415269,64.7259215,64.7105434,-0.77668166,-0.789209058,1.71309924,1.69470968,-4.51120018,39.9832702,0.00611322712,1.17518617,-4.5034164,-4.50339521,-6.42908705,-6.42908917
0.045,0,0,0,0,0,0,0,0,402.851893,402.85484,403.216368,403.213554,4040.90012,4095.34167,3390.00219,3423.68247,165.48515,165.396835,64.7167508,64.701674,-0.772000987,-0.784354679,1.71522545,1.69677209,-4.50564702,39.9830547,0.00624434424,1.17519501,-4.497864,-4.49784261,-6.42353414,-6.42353627
0.0455,0,0,0,0,0,0,0,0,402.85446,402.85788,403.215918,403.21262,4041.70455,4096.65593,3387.5761,3421.82338,165.466511,165.378628,64.7076592,64.6928946,-0.767396523,-0.779579963,1.71731031,1.69879574,-4.50009385,39.9828471,0.00637643739,1.17520104,-4.4923116,-4.49229003,-6.41798123,-6.41798339
0.046,0,0,0,0,0,0,0,0,402.855626,402.859491,403.214456,403.210684,4042.38406,4097.84061,3385.08105,3419.89744,165.448054,165.360636,64.698643,64.6842016,-0.762867866,-0.77488446,1.71935394,1.70078073,-4.49454066,39.9826469,0.00650949058,1.17520415,-4.4867592,-4.48673746,-6.41242833,-6.4124305
0.0465,0,0,0,0,0,0,0,0,402.855526,402.85981,403.212091,403.207859,4042.94075,4098.89789,3382.51831,3417.90584,165.42977,165.342852,64.6896982,64.6755912,-0.758414612,-0.770267706,1.72135651,1.70272722,-4.48898747,39.9824532,0.00664348781,1.17520421,-4.48120679,-4.4811849,-6.40687544,-6.40687762
0.047,0,0,0,0,0,0,0,0,402.854302,402.858985,403.208934,403.20426,4043.3737,4099.82994,3379.88915,3415.84979,165.41165,165.325265,64.6808214,64.6670596,-0.754030465,-0.76572922,1.72331839,1.70463555,-4.48343426,39.9822653,0.00677841311,1.17520111,-4.47565427,-4.47563235,-6.40132254,-6.40132474
0.0475,0,0,0,0,0,0,0,0,402.852104,402.857166,403.205099,403.200006,4043.69102,4100.63888,3377.19474,3413.73036,165.393685,165.307866,64.6720089,64.6586033,-0.749726966,-0.761268504,1.72523954,1.70650566,-4.47788103,39.9820825,0.00691425053,1.17519475,-4.47010186,-4.47007981,-6.39576964,-6.39577186
0.048,0,0,0,0,0,0,0,0,402.849079,402.854508,403.2007,403.195212,4043.89178,4101.32686,3374.43634,3411.54876,165.375867,165.290646,64.6632573,64.6502187,-0.745497547,-0.756885045,1.7271204,1.70833797,-4.47232778,39.981904,0.00705098413,1.17518501,-4.46454943,-4.46452728,-6.39021674,-6.39021897
0.0485,0,0,0,0,0,0,0,0,402.845379,402.851165,403.195849,403.189997,4043.97805,4101.89828,3371.61514,3409.30612,165.358187,165.273597,64.6545629,64.6419024,-0.741341851,-0.752582838,1.72896129,1.71013278,-4.46677451,39.9817289,0.00718859798,1.1751718,-4.458997,-4.45897485,-6.38466384,-6.38466608
0.049,0,0,0,0,0,0,0,0,402.841149,402.847287,403.190657,403.184471,4043.95187,4102.3483,3368.73234,3407.00355,165.340637,165.256709,64.6459226,64.633651,-0.737259433,-0.748347602,1.73076256,1.71189043,-4.46122121,39.9815565,0.0073270762,1.17515502,-4.45344457,-4.45342225,-6.37911093,-6.37911318
0.0495,0,0,0,0,0,0,0,0,402.836532,402.843021,403.185231,403.178746,4043.81231,4102.68727,3365.78911,3404.64215,165.323209,165.239975,64.6373329,64.6254611,-0.733243959,-0.744195356,1.73252458,1.71361127,-4.45566788,39.981386,0.00746640291,1.17513457,-4.44789201,-4.44786979,-6.37355802,-6.37356027
0.05,0,0,0,0,0,0,0,0,402.831663,402.838507,403.179672,403.172924,4043.56741,4102.91313,3362.78665,3402.22306,165.305894,165.223385,64.6287908,64.6173295,-0.729306888,-0.740117085,1.73424787,1.7152958,-4.45011453,39.9812169,0.00760656225,1.17511037,-4.44233955,-4.44231732,-6.3680051,-6.36800736
0.0505,0,0,0,0,0,0,0,0,402.826672,402.833877,403.174077,403.167103,4043.2162,4103.02521,3359.72601,3399.74726,165.288685,165.206931,64.620293,64.609253,-0.725441598,-0.736106997,1.73593252,1.71694412,-4.44456116,39.9810483,0.0077475384,1.17508233,-4.43678708,-4.43676474,-6.36245218,-6.36245444
0.051,0,0,0,0,0,0,0,0,402.821677,402.829253,403.168536,403.161373,4042.76071,4103.031,3356.60836,3397.21585,165.271574,165.190606,64.6118365,64.6012286,-0.721647654,-0.73217537,1.73757908,1.71855674,-4.43900775,39.9808796,0.00788931551,1.17505036,-4.43123461,-4.43121224,-6.35689924,-6.35690151
0.0515,0,0,0,0,0,0,0,0,402.816675,402.824606,403.163131,403.15582,4042.20028,4102.92982,3353.4348,3394.62987,165.254553,165.1744,64.6034184,64.5932532,-0.717919115,-0.728315839,1.73918792,1.72013404,-4.43345431,39.9807108,0.00803187782,1.1750144,-4.42568202,-4.42565974,-6.3513463,-6.35134857
0.052,0,0,0,0,0,0,0,0,402.811632,402.819918,403.1579,403.150404,4041.54223,4102.72367,3350.20643,3391.99033,165.237614,165.158307,64.5950358,64.5853241,-0.714265847,-0.724527745,1.74075943,1.72167653,-4.42790083,39.9805418,0.00817520956,1.17497435,-4.42012952,-4.42010722,-6.34579335,-6.34579562
0.0525,0,0,0,0,0,0,0,0,402.806578,402.815216,403.152794,403.145128,4040.78589,4102.41455,3346.92432,3389.29825,165.220751,165.142319,64.5866861,64.5774385,-0.710681723,-0.720810402,1.74229404,1.7231845,-4.42234733,39.9803726,0.00831929494,1.17493015,-4.41457701,-4.41455469,-6.34024039,-6.34024266
0.053,0,0,0,0,0,0,0,0,402.801527,402.810517,403.147838,403.140008,4039.93319,4102.00442,3343.58956,3386.5546,165.203956,165.126427,64.5783667,64.5695938,-0.707166217,-0.717162995,1.74379212,1.72465818,-4.41679379,39.9802033,0.00846411821,1.17488171,-4.40902449,-4.40900214,-6.33468743,-6.3346897
0.0535,0,0,0,0,0,0,0,0,402.796497,402.805836,403.143043,403.135057,4038.98332,4101.49524,3340.20313,3383.76043,165.187221,165.110625,64.5700751,64.5617875,-0.703713161,-0.713584848,1.74525363,1.72609797,-4.41124021,39.9800335,0.00860966367,1.17482896,-4.40347185,-4.40344958,-6.32913445,-6.32913671
0.054,0,0,0,0,0,0,0,0,402.791502,402.80119,403.138421,403.130285,4037.94374,4100.88896,3336.76611,3380.91661,165.170541,165.094905,64.5618089,64.5540171,-0.700332915,-0.710075223,1.74667891,1.72750373,-4.4056866,39.9798634,0.00875591565,1.17477182,-4.3979193,-4.397897,-6.32358146,-6.32358372
0.0545,0,0,0,0,0,0,0,0,402.786557,402.796593,403.133983,403.125705,4036.81359,4100.18749,3333.27953,3378.02415,165.153907,165.079261,64.5535658,64.5462803,-0.697019115,-0.706633393,1.74806816,1.7288758,-4.40013296,39.9796928,0.00890285843,1.17471023,-4.39236674,-4.39234441,-6.31802846,-6.31803072
0.055,0,0,0,0,0,0,0,0,402.781678,402.79206,403.12974,403.121327,4035.59476,4099.39275,3329.74441,3375.08401,165.137314,165.063684,64.5453435,64.5385748,-0.693771141,-0.703258627,1.74942152,1.73021431,-4.39457927,39.9795217,0.00905047642,1.17464411,-4.38681417,-4.3867918,-6.31247545,-6.3124777
0.0555,0,0,0,0,0,0,0,0,402.776878,402.787606,403.125701,403.117162,4034.28626,4098.50945,3326.16176,3372.09714,165.120754,165.048168,64.53714,64.5308984,-0.690582678,-0.69995579,1.75073915,1.73151939,-4.38902554,39.9793499,0.00919875404,1.17457339,-4.38126148,-4.38123929,-6.30692243,-6.30692467
0.056,0,0,0,0,0,0,0,0,402.772171,402.783246,403.121877,403.11322,4032.89568,4097.53377,3322.53264,3369.06448,165.104222,165.032707,64.528953,64.5232491,-0.687464432,-0.696712807,1.7520213,1.73279116,-4.38347178,39.9791774,0.00934767572,1.174498,-4.37570888,-4.37568665,-6.3013694,-6.30137162
0.0565,0,0,0,0,0,0,0,0,402.767571,402.778993,403.118278,403.109511,4031.42199,4096.4704,3318.85797,3365.98696,165.08771,165.017293,64.5207807,64.5156246,-0.684409846,-0.693534782,1.75326782,1.73402971,-4.37791797,39.9790042,0.00949722592,1.17441787,-4.37015627,-4.370134,-6.29581635,-6.29581857
0.057,0,0,0,0,0,0,0,0,402.763092,402.774861,403.114911,403.106044,4029.86701,4095.32119,3315.13878,3362.86556,165.071212,165.00192,64.5126209,64.508023,-0.681418289,-0.690420921,1.75447895,1.73523529,-4.37236413,39.9788302,0.00964738913,1.17433294,-4.36460365,-4.36458134,-6.2902633,-6.29026549
0.0575,0,0,0,0,0,0,0,0,402.758745,402.770862,403.111787,403.102827,4028.2296,4094.09129,3311.37606,3359.70113,165.054723,164.986581,64.5044719,64.5004424,-0.678483286,-0.687377124,1.75565479,1.73640768,-4.36681024,39.9786554,0.00979814991,1.17424313,-4.3590509,-4.35902878,-6.28471023,-6.28471241
0.058,0,0,0,0,0,0,0,0,402.754544,402.76701,403.108912,403.09987,4026.51744,4092.77578,3307.57079,3356.49461,165.038236,164.971271,64.4963318,64.4928809,-0.675615861,-0.684389226,1.75679542,1.73754711,-4.36125631,39.9784796,0.00994949285,1.17414839,-4.35349826,-4.35347608,-6.27915714,-6.2791593
0.0585,0,0,0,0,0,0,0,0,402.750499,402.763315,403.106295,403.09718,4024.72935,4091.37979,3303.72395,3353.24693,165.021745,164.955983,64.4881988,64.4853367,-0.67280929,-0.681463412,1.75790093,1.73865364,-4.35570233,39.9783029,0.0101014026,1.17404866,-4.34794559,-4.34792337,-6.27360404,-6.27360619
0.059,0,0,0,0,0,0,0,0,402.746622,402.759789,403.103944,403.094765,4022.86707,4089.90835,3299.83652,3349.959,165.005245,164.940711,64.4800712,64.4778079,-0.670062942,-0.678605318,1.75897139,1.73972734,-4.35014831,39.9781251,0.0102538638,1.17394386,-4.34239292,-4.34237076,-6.26805093,-6.26805305
0.0595,0,0,0,0,0,0,0,0,402.742924,402.756444,403.101864,403.09263,4020.92933,4088.35666,3295.9095,3346.63172,164.988731,164.92545,64.4719473,64.470293,-0.667370202,-0.675801167,1.76000705,1.74076828,-4.34459424,39.9779462,0.0104068611,1.17383394,-4.33684011,-4.33681801,-6.2624978,-6.26249991
0.06,0,0,0,0,0,0,0,0,402.739414,402.75329,403.100061,403.090784,4018.92386,4086.72971,3291.94378,3343.26599,164.972195,164.910192,64.4638256,64.4627901,-0.664742382,-0.673056956,1.76100765,1.7417765,-4.33904013,39.9777663,0.0105603795,1.17371884,-4.33128741,-4.33126525,-6.25694466,-6.25694674
0.0605,0,0,0,0,0,0,0,0,402.736103,402.750336,403.098543,403.08923,4016.84936,4085.03304,3287.94035,3339.86275,164.955634,164.894933,64.4557044,64.4552978,-0.662172608,-0.670379468,1.76197342,1.74275221,-4.33348597,39.9775852,0.0107144036,1.17359849,-4.32573469,-4.32571262,-6.25139151,-6.25139356
0.061,0,0,0,0,0,0,0,0,402.732999,402.747591,403.097313,403.087976,4014.70748,4083.26065,3283.90018,3336.42282,164.939041,164.879668,64.4475823,64.4478145,-0.65966026,-0.667752611,1.76290442,1.74369517,-4.32793176,39.9774029,0.0108689184,1.17347285,-4.32018196,-4.32015982,-6.24583834,-6.24584036
0.0615,0,0,0,0,0,0,0,0,402.730111,402.745065,403.096376,403.087025,4012.49683,4081.42089,3279.8242,3332.94713,164.922412,164.864389,64.4394578,64.4403386,-0.657198605,-0.665189212,1.76380071,1.74460557,-4.32237751,39.9772194,0.0110239087,1.17334184,-4.3146291,-4.31460712,-6.24028515,-6.24028714
0.062,0,0,0,0,0,0,0,0,402.727446,402.742766,403.095737,403.086381,4010.22518,4079.5097,3275.71338,3329.43655,164.905742,164.849094,64.4313295,64.4328687,-0.65479921,-0.662677041,1.76466237,1.74548346,-4.31682321,39.9770347,0.0111793595,1.17320543,-4.30907634,-4.30905429,-6.23473195,-6.23473391
0.0625,0,0,0,0,0,0,0,0,402.725013,402.7407,403.095398,403.086048,4007.89109,4077.53464,3271.56864,3325.89197,164.889025,164.833775,64.423196,64.4254033,-0.652455079,-0.660227326,1.76548943,1.74632888,-4.31126885,39.9768486,0.011335256,1.17306354,-4.30352356,-4.30350156,-6.22917874,-6.22918066
0.063,0,0,0,0,0,0,0,0,402.722817,402.738875,403.095363,403.086029,4005.49615,4075.49117,3267.39098,3322.31428,164.872257,164.818428,64.4150561,64.4179412,-0.6501656,-0.657827007,1.76628213,1.74714187,-4.30571445,39.9766613,0.0114915831,1.17291613,-4.29797077,-4.29794869,-6.2236255,-6.22362739
0.0635,0,0,0,0,0,0,0,0,402.720865,402.737296,403.095634,403.086326,4003.03883,4073.38723,3263.18124,3318.70434,164.855432,164.803048,64.4069084,64.410481,-0.647923942,-0.655488145,1.7670402,1.74792249,-4.30016,39.9764727,0.011648326,1.17276313,-4.29241785,-4.29239594,-6.21807225,-6.21807411
0.064,0,0,0,0,0,0,0,0,402.719162,402.73597,403.096213,403.086941,4000.52695,4071.21784,3258.94039,3315.06306,164.838548,164.78763,64.3987517,64.4030214,-0.645741893,-0.653196894,1.76776385,1.74867091,-4.2946055,39.9762827,0.01180547,1.17260451,-4.28686503,-4.28684304,-6.21251899,-6.2125208
0.0645,0,0,0,0,0,0,0,0,402.717713,402.734901,403.097101,403.087876,3997.95893,4068.99127,3254.66937,3311.39125,164.821598,164.772169,64.3905849,64.3955611,-0.64361236,-0.650966069,1.76845314,1.74938689,-4.28905094,39.9760913,0.0119630003,1.17244021,-4.2813122,-4.28129026,-6.20696571,-6.20696748
0.065,0,0,0,0,0,0,0,0,402.716522,402.734095,403.098299,403.089131,3995.33629,4066.70218,3250.36909,3307.6898,164.804578,164.756661,64.3824068,64.3880991,-0.641534743,-0.648781123,1.76910813,1.75007061,-4.28349634,39.9758986,0.0121209022,1.17227017,-4.27575936,-4.27573733,-6.20141241,-6.20141414
0.0655,0,0,0,0,0,0,0,0,402.715593,402.733553,403.099807,403.090706,3992.65738,4064.35912,3246.04048,3303.95957,164.787485,164.741101,64.3742163,64.380634,-0.639502135,-0.646655555,1.76972886,1.7507221,-4.27794168,39.9757046,0.0122791613,1.17209434,-4.27020637,-4.27018452,-6.1958591,-6.19586078
0.066,0,0,0,0,0,0,0,0,402.714928,402.733281,403.101625,403.0926,3989.93004,4061.95639,3241.68449,3300.20143,164.770313,164.725485,64.3660124,64.3731649,-0.637526512,-0.644574182,1.77031553,1.75134141,-4.27238696,39.9755092,0.0124377629,1.17191268,-4.2646535,-4.26463155,-6.19030576,-6.19030741
0.0665,0,0,0,0,0,0,0,0,402.714532,402.733279,403.103751,403.094814,3987.15256,4059.50281,3237.30196,3296.41623,164.75306,164.709808,64.357794,64.3656907,-0.635600703,-0.64255111,1.77086791,1.75192858,-4.2668322,39.9753124,0.0125966927,1.17172513,-4.25910061,-4.25907872,-6.18475241,-6.18475401
0.067,0,0,0,0,0,0,0,0,402.714404,402.733551,403.106185,403.097345,3984.32641,4056.99237,3232.89384,3292.60482,164.73572,164.694066,64.3495601,64.3582103,-0.633724124,-0.640570603,1.77138619,1.75248364,-4.26127738,39.9751142,0.0127559363,1.17153165,-4.25354771,-4.25352572,-6.17919905,-6.17920059
0.0675,0,0,0,0,0,0,0,0,402.714547,402.734096,403.108925,403.10019,3981.44982,4054.4341,3228.46104,3288.76809,164.718291,164.678254,64.3413099,64.3507227,-0.631889806,-0.638647307,1.77187043,1.75300677,-4.2557225,39.9749147,0.0129154793,1.17133219,-4.24799467,-4.24797285,-6.17364567,-6.17364716
0.068,0,0,0,0,0,0,0,0,402.71496,402.734917,403.111968,403.103349,3978.53062,4051.82172,3224.00445,3284.90683,164.700768,164.662369,64.3330425,64.3432269,-0.630109889,-0.636764995,1.77232068,1.75349773,-4.25016758,39.9747139,0.0130753075,1.17112671,-4.24244173,-4.24241982,-6.16809226,-6.1680937
0.0685,0,0,0,0,0,0,0,0,402.715644,402.736012,403.11531,403.106817,3975.567,4049.16445,3219.52498,3281.02189,164.683147,164.646408,64.3247569,64.3357221,-0.628377143,-0.634938771,1.772737,1.75395669,-4.24461259,39.9745117,0.0132354069,1.17091515,-4.23688879,-4.23686692,-6.16253884,-6.16254023
0.069,0,0,0,0,0,0,0,0,402.716599,402.737383,403.11895,403.11059,3972.56036,4046.45575,3215.02357,3277.11415,164.665425,164.630365,64.3164523,64.3282074,-0.626691,-0.633152008,1.77311957,1.75438369,-4.23905755,39.9743082,0.0133957633,1.17069747,-4.23133582,-4.23131385,-6.15698541,-6.15698673
0.0695,0,0,0,0,0,0,0,0,402.717824,402.739026,403.122882,403.114666,3969.50882,4043.70502,3210.50102,3273.18442,164.647599,164.614237,64.308128,64.3206819,-0.625044453,-0.631420205,1.77346817,1.75477877,-4.23350246,39.9741034,0.0135563628,1.17047362,-4.22578272,-4.22576093,-6.15143195,-6.15143322
0.07,0,0,0,0,0,0,0,0,402.719315,402.740941,403.127103,403.119039,3966.4202,4040.90551,3205.95828,3269.23355,164.629664,164.598021,64.2997832,64.3131448,-0.62344977,-0.629726388,1.77378299,1.75514197,-4.2279473,39.9738973,0.0137171916,1.17024357,-4.22022973,-4.22020783,-6.14587848,-6.14587968
0.0705,0,0,0,0,0,0,0,0,402.721073,402.743126,403.131608,403.123703,3963.2926,4038.06672,3201.39623,3265.26237,164.611619,164.581714,64.2914171,64.3055953,-0.62189968,-0.628086374,1.77406408,1.75547332,-4.22239209,39.97369,0.0138782357,1.17000726,-4.21467673,-4.21465486,-6.14032499,-6.14032613
0.071,0,0,0,0,0,0,0,0,402.723093,402.745577,403.13639,403.128655,3960.12733,4035.18174,3196.81575,3261.27175,164.593459,164.56531,64.2830291,64.2980327,-0.620393636,-0.626482929,1.77431151,1.75577302,-4.21683682,39.9734815,0.0140394814,1.16976466,-4.20912371,-4.20910173,-6.13477148,-6.13477255
0.0715,0,0,0,0,0,0,0,0,402.725372,402.748292,403.141446,403.133887,3956.92243,4032.26015,3192.21773,3257.26245,164.575181,164.548808,64.2746186,64.2904563,-0.618924612,-0.624932125,1.77452533,1.7560408,-4.2112815,39.9732717,0.0142009152,1.16951571,-4.20357055,-4.20354874,-6.12921795,-6.12921896
0.072,0,0,0,0,0,0,0,0,402.727908,402.751267,403.146768,403.139394,3953.68569,4029.2949,3187.60308,3253.23534,164.556783,164.532204,64.2661848,64.2828653,-0.617504972,-0.623416522,1.77470573,1.75627685,-4.20572611,39.9730609,0.0143625235,1.16926038,-4.1980175,-4.19799557,-6.1236644,-6.12366534
0.0725,0,0,0,0,0,0,0,0,402.730694,402.754496,403.152351,403.145168,3950.41511,4026.29563,3182.97261,3249.19122,164.538262,164.515495,64.2577273,64.2752592,-0.616127429,-0.621952374,1.77485249,1.75648121,-4.20017067,39.9728489,0.0145242928,1.16899863,-4.19246443,-4.19244254,-6.11811084,-6.1181117
0.073,0,0,0,0,0,0,0,0,402.733728,402.757977,403.158187,403.151203,3947.11194,4023.25517,3178.32722,3245.13094,164.519614,164.498677,64.2492454,64.2676372,-0.61479145,-0.620522118,1.77496581,1.75665393,-4.19461517,39.9726358,0.0146862098,1.1687304,-4.18691135,-4.18688934,-6.11255725,-6.11255804
0.0735,0,0,0,0,0,0,0,0,402.737003,402.761702,403.16427,403.157492,3943.77414,4020.1832,3173.66778,3241.0553,164.500837,164.481748,64.2407386,64.2599989,-0.613490008,-0.619142136,1.77504575,1.75679505,-4.18905961,39.9724217,0.0148482612,1.16845567,-4.18135813,-4.18133628,-6.10700365,-6.10700436
0.074,0,0,0,0,0,0,0,0,402.740515,402.765667,403.170591,403.164025,3940.40945,4017.07247,3168.99516,3236.96512,164.481928,164.464704,64.2322064,64.2523436,-0.61223554,-0.617794778,1.77509237,1.7569046,-4.18350398,39.9722065,0.0150104338,1.1681744,-4.17580502,-4.17578304,-6.10145002,-6.10145066
0.0745,0,0,0,0,0,0,0,0,402.744256,402.769865,403.177144,403.170796,3937.01579,4013.93264,3164.31023,3232.86126,164.462884,164.447544,64.2236484,64.2446709,-0.611020752,-0.616496491,1.77510573,1.75698279,-4.1779483,39.9719905,0.0151727146,1.16788653,-4.17025189,-4.17022994,-6.09589638,-6.09589694
0.075,0,0,0,0,0,0,0,0,402.748221,402.774291,403.183919,403.177796,3933.59434,4010.75643,3159.61388,3228.74445,164.443704,164.430263,64.2150641,64.2369802,-0.609845137,-0.615229622,1.77508603,1.75702936,-4.17239256,39.9717735,0.0153350907,1.16759203,-4.16469875,-4.16467667,-6.09034271,-6.0903432
0.0755,0,0,0,0,0,0,0,0,402.752403,402.778936,403.19091,403.185017,3930.14298,4007.55345,3154.90689,3224.61554,164.424385,164.41286,64.206453,64.229271,-0.608701673,-0.614010629,1.77503306,1.7570445,-4.16683675,39.9715556,0.015497549,1.16729086,-4.15914547,-4.15912354,-6.08478903,-6.08478943
0.076,0,0,0,0,0,0,0,0,402.756794,402.783794,403.198107,403.192448,3926.6694,4004.31641,3150.19016,3220.47533,164.404923,164.395332,64.1978149,64.2215429,-0.607602851,-0.612821887,1.77494702,1.75702827,-4.16128089,39.971337,0.0156600769,1.16698299,-4.1535923,-4.15357023,-6.07923532,-6.07923564
0.0765,0,0,0,0,0,0,0,0,402.761388,402.788857,403.205501,403.200082,3923.17145,4001.05486,3145.46454,3216.32463,164.385318,164.377676,64.1891493,64.2137955,-0.60654138,-0.611679815,1.77482798,1.7569807,-4.15572496,39.9711176,0.0158226617,1.16666836,-4.14803911,-4.14801706,-6.0736816,-6.07368183
0.077,0,0,0,0,0,0,0,0,402.766176,402.794117,403.213083,403.207909,3919.65025,3997.76151,3140.73088,3212.16424,164.365566,164.35989,64.1804559,64.2060284,-0.60551678,-0.610566884,1.77467601,1.75690187,-4.15016897,39.9708975,0.0159852909,1.16634695,-4.14248591,-4.14246372,-6.06812786,-6.068128
0.0775,0,0,0,0,0,0,0,0,402.771151,402.799565,403.220845,403.215918,3916.1036,3994.44584,3135.99002,3207.99497,164.345667,164.341972,64.1717344,64.1982412,-0.604522051,-0.609499424,1.77449118,1.7567918,-4.14461291,39.9706768,0.0161479519,1.16601872,-4.13693257,-4.13691051,-6.06257409,-6.06257414
0.078,0,0,0,0,0,0,0,0,402.776303,402.805194,403.228777,403.224102,3912.53913,3991.10057,3131.24285,3203.81763,164.325617,164.323919,64.1629845,64.1904336,-0.603569708,-0.608460038,1.77427371,1.75665072,-4.13905679,39.9704554,0.0163106324,1.16568362,-4.13137933,-4.13135713,-6.0570203,-6.05702026
0.0785,0,0,0,0,0,0,0,0,402.781625,402.810993,403.23687,403.232449,3908.95462,3987.73508,3126.49012,3199.63296,164.305414,164.305729,64.1542059,64.1826052,-0.602652488,-0.607464917,1.77402337,1.75647838,-4.13350061,39.9702335,0.0164733202,1.16534162,-4.12582608,-4.12580389,-6.0514665,-6.05146636
0.079,0,0,0,0,0,0,0,0,402.787107,402.816956,403.245113,403.24095,3905.35113,3984.34217,3121.73271,3195.44178,164.285057,164.2874,64.1453985,64.1747558,-0.601769929,-0.606496854,1.7737404,1.75627497,-4.12794436,39.9700112,0.0166360031,1.16499269,-4.12027281,-4.12025047,-6.04591267,-6.04591243
0.0795,0,0,0,0,0,0,0,0,402.792741,402.823071,403.253498,403.249594,3901.72641,3980.93106,3116.97145,3191.24488,164.264545,164.26893,64.136562,64.1668851,-0.600915063,-0.605571866,1.77342486,1.75604057,-4.12238805,39.9697884,0.0167986692,1.16463677,-4.11471941,-4.11469719,-6.04035882,-6.04035848
0.08,0,0,0,0,0,0,0,0,402.798517,402.82933,403.262014,403.258372,3898.08799,3977.49463,3112.20718,3187.04304,164.243874,164.250316,64.1276962,64.1589929,-0.600100417,-0.604672955,1.77307685,1.75577522,-4.11683167,39.9695653,0.0169613064,1.16427385,-4.10916611,-4.10914373,-6.03480494,-6.03480451
0.0805,0,0,0,0,0,0,0,0,402.804426,402.835722,403.270652,403.267273,3894.43363,3974.04196,3107.44071,3182.83705,164.223044,164.231558,64.118801,64.1510788,-0.599318758,-0.603815931,1.77269644,1.75547901,-4.11127523,39.9693419,0.017123903,1.16390388,-4.10361279,-4.10359041,-6.02925105,-6.02925051
0.081,0,0,0,0,0,0,0,0,402.810458,402.842239,403.279402,403.276287,3890.76429,3970.56602,3102.67292,3178.62769,164.202053,164.212653,64.1098762,64.1431429,-0.598569649,-0.602984051,1.77228387,1.75515198,-4.10571872,39.9691182,0.0172864473,1.16352682,-4.09805945,-4.09803691,-6.02369713,-6.02369649
0.0815,0,0,0,0,0,0,0,0,402.816604,402.848869,403.288254,403.285404,3887.07769,3967.07573,3097.90453,3174.41577,164.180899,164.193599,64.1009217,64.1351847,-0.59784616,-0.602192888,1.77183892,1.75479438,-4.10016214,39.9688944,0.0174489278,1.16314264,-4.09250598,-4.09248355,-6.01814319,-6.01814245
0.082,0,0,0,0,0,0,0,0,402.822854,402.855604,403.297198,403.294613,3883.38128,3963.56417,3093.13641,3170.20199,164.159581,164.174395,64.0919374,64.1272043,-0.597160814,-0.60142597,1.77136183,1.75440595,-4.0946055,39.9686704,0.0176113329,1.16275131,-4.08695261,-4.08693002,-6.01258923,-6.01258837
0.0825,0,0,0,0,0,0,0,0,402.829198,402.862433,403.306224,403.303905,3879.67275,3960.04009,3088.36937,3165.98717,164.138098,164.155039,64.0829233,64.1192014,-0.596506415,-0.600698605,1.77085269,1.75398692,-4.08904879,39.9684464,0.0177736513,1.16235278,-4.08139923,-4.08137661,-6.00703524,-6.00703428
0.083,0,0,0,0,0,0,0,0,402.835626,402.869346,403.315324,403.313269,3875.95302,3956.49668,3083.60422,3161.77206,164.116447,164.13553,64.0738793,64.111176,-0.595882554,-0.599994627,1.77031161,1.75353737,-4.08349201,39.9682223,0.0179358718,1.16194702,-4.07584582,-4.07582304,-6.00148123,-6.00148016
0.0835,0,0,0,0,0,0,0,0,402.842129,402.876333,403.324446,403.322642,3872.21974,3952.94252,3078.84175,3157.55743,164.094629,164.115865,64.0648053,64.1031279,-0.595282345,-0.599329079,1.76973874,1.75305745,-4.07793516,39.9679985,0.0180979833,1.161534,-4.07029228,-4.07026959,-5.9959272,-5.99592601
0.084,0,0,0,0,0,0,0,0,402.848697,402.883384,403.333519,403.331954,3868.4803,3949.3709,3074.08282,3153.34405,164.07264,164.096044,64.0557015,64.0950572,-0.594718285,-0.598686101,1.76913438,1.7525473,-4.07237825,39.9677751,0.0182599747,1.16111368,-4.06473884,-4.06471597,-5.99037314,-5.99037184
0.0845,0,0,0,0,0,0,0,0,402.85532,402.890489,403.342513,403.341172,3864.73233,3945.79026,3069.32813,3149.13267,164.050481,164.076065,64.0465677,64.0869637,-0.594183227,-0.598080469,1.7684983,1.75200696,-4.06682126,39.9675523,0.0184218353,1.16068602,-4.05918538,-4.05916248,-5.98481906,-5.98481764
0.085,0,0,0,0,0,0,0,0,402.861988,402.897638,403.351391,403.350258,3860.9767,3942.19398,3064.57852,3144.92407,164.028151,164.055927,64.0374042,64.0788476,-0.59367677,-0.597496532,1.76783073,1.75143667,-4.0612642,39.9673301,0.0185835542,1.160251,-4.0536319,-4.05360883,-5.97926496,-5.97926341
0.0855,0,0,0,0,0,0,0,0,402.868693,402.904821,403.360125,403.35918,3857.21101,3938.59033,3059.83477,3140.71894,164.005647,164.035628,64.0282109,64.0707089,-0.593192055,-0.596948868,1.76713176,1.75083616,-4.05570707,39.9671088,0.0187451208,1.15980856,-4.04807828,-4.04805529,-5.97371082,-5.97370916
0.086,0,0,0,0,0,0,0,0,402.875423,402.912027,403.368688,403.367911,3853.44256,3934.9728,3055.09767,3136.51806,163.98297,164.015168,64.018988,64.0625475,-0.592741576,-0.596422064,1.76640145,1.75020564,-4.05014987,39.9668884,0.0189065246,1.15935868,-4.04252476,-4.04250159,-5.96815667,-5.96815488
0.0865,0,0,0,0,0,0,0,0,402.88217,402.919248,403.37706,403.37643,3849.66894,3931.3495,3050.36801,3132.32217,163.960117,163.994544,64.0097357,64.0543636,-0.592318209,-0.595930449,1.7656399,1.74954517,-4.0445926,39.966669,0.0190677552,1.15890132,-4.03697122,-4.03694801,-5.96260248,-5.96260057
0.087,0,0,0,0,0,0,0,0,402.888925,402.926474,403.385223,403.384718,3845.89096,3927.71401,3045.6466,3128.13203,163.937089,163.973756,64.000454,64.0461572,-0.591921576,-0.595458908,1.76484732,1.7488548,-4.03903526,39.9664507,0.0192288022,1.15843644,-4.03141767,-4.03139426,-5.95704827,-5.95704623
0.0875,0,0,0,0,0,0,0,0,402.895678,402.933694,403.393164,403.392763,3842.10617,3924.0743,3040.93414,3123.94837,163.913884,163.952804,63.9911431,64.0379285,-0.591544848,-0.595021498,1.7640235,1.74813459,-4.03347784,39.9662335,0.0193896557,1.15796401,-4.02586397,-4.02584063,-5.95149404,-5.95149187
0.088,0,0,0,0,0,0,0,0,402.902419,402.940901,403.400875,403.400557,3838.32181,3920.42406,3036.23144,3119.77196,163.890502,163.931685,63.9818031,64.0296774,-0.591200525,-0.594603403,1.76316867,1.74738475,-4.02792035,39.9660175,0.0195503054,1.15748399,-4.02031037,-4.02028684,-5.94593977,-5.94593747
0.0885,0,0,0,0,0,0,0,0,402.909134,402.948064,403.408351,403.408093,3834.53542,3916.77103,3031.53929,3115.60348,163.866941,163.910399,63.9724342,64.0214042,-0.590881502,-0.594218274,1.76228292,1.74660508,-4.02236278,39.9658029,0.0197107416,1.15699635,-4.01475674,-4.01473315,-5.94038548,-5.94038305
0.089,0,0,0,0,0,0,0,0,402.915692,402.955055,403.415588,403.415371,3830.74774,3913.10911,3026.85843,3111.44369,163.843201,163.888945,63.9630367,64.013109,-0.59058724,-0.593851638,1.76136635,1.74579577,-4.01680514,39.9655899,0.0198709545,1.15650105,-4.0092031,-4.00917931,-5.93483116,-5.93482859
0.0895,0,0,0,0,0,0,0,0,402.922059,402.961838,403.422589,403.422393,3826.95629,3909.44513,3022.18964,3107.29333,163.819282,163.867322,63.9536107,64.0047918,-0.590310979,-0.593515386,1.76041902,1.74495687,-4.01124742,39.9653787,0.0200309343,1.15599805,-4.00364931,-4.00362555,-5.92927682,-5.9292741
0.09,0,0,0,0,0,0,0,0,402.928195,402.968368,403.429357,403.429165,3823.1682,3905.77448,3017.53373,3103.15312,163.795183,163.84553,63.9441565,63.996453,-0.590065067,-0.593198247,1.75944117,1.74408843,-4.00568962,39.9651694,0.0201906716,1.15548733,-3.99809562,-3.99807166,-5.92372244,-5.92371959
0.0905,0,0,0,0,0,0,0,0,402.934063,402.974609,403.435898,403.435693,3819.38096,3902.10054,3012.89135,3099.02379,163.770903,163.823567,63.9346742,63.9880926,-0.589842476,-0.592905281,1.75843256,1.74319051,-4.00013175,39.964962,0.020350157,1.15496883,-3.99254191,-3.99251774,-5.91816803,-5.91816504
0.091,0,0,0,0,0,0,0,0,402.939636,402.980533,403.442222,403.441989,3815.59525,3898.42703,3008.26333,3094.9061,163.746441,163.801434,63.9251643,63.9797109,-0.589642859,-0.59264199,1.75739344,1.74226333,-3.9945738,39.9647567,0.0205093811,1.15444253,-3.98698817,-3.98696392,-5.91261359,-5.91261046
0.0915,0,0,0,0,0,0,0,0,402.944894,402.986118,403.448339,403.448064,3811.80862,3894.74859,3003.6504,3090.80071,163.721798,163.779128,63.9156268,63.971308,-0.589459595,-0.592395786,1.75632394,1.7413067,-3.98901577,39.9645534,0.020668335,1.15390839,-3.98143429,-3.98140995,-5.90705912,-5.90705584
0.092,0,0,0,0,0,0,0,0,402.949821,402.991348,403.454262,403.453934,3808.028,3891.06889,2999.05331,3086.70836,163.696973,163.756651,63.9060621,63.9628842,-0.5893049,-0.59217253,1.75522416,1.74032084,-3.98345766,39.9643522,0.0208270094,1.15336638,-3.9758805,-3.97585595,-5.90150462,-5.90150119
0.0925,0,0,0,0,0,0,0,0,402.95441,402.996218,403.460003,403.459613,3804.2509,3887.38861,2994.47282,3082.62978,163.671966,163.734,63.8964704,63.9544397,-0.589171919,-0.591971767,1.75409424,1.73930587,-3.97789946,39.964153,0.0209853957,1.15281646,-3.97032669,-3.97030193,-5.89595009,-5.89594651
0.093,0,0,0,0,0,0,0,0,402.958659,403.000724,403.46558,403.46512,3800.47796,3883.71152,2989.90969,3078.56567,163.646776,163.711177,63.8868521,63.9459746,-0.589060365,-0.591799335,1.75293449,1.73826191,-3.97234119,39.9639558,0.021143485,1.15225859,-3.96477285,-3.96474799,-5.89039552,-5.89039179
0.0935,0,0,0,0,0,0,0,0,402.96257,403.004872,403.471006,403.47047,3796.70666,3880.032,2985.36458,3074.51674,163.621403,163.68818,63.8772074,63.9374892,-0.588963699,-0.591642316,1.75174475,1.73718911,-3.96678284,39.9637606,0.0213012688,1.15169275,-3.95921886,-3.95919391,-5.88484092,-5.88483704
0.094,0,0,0,0,0,0,0,0,402.966151,403.00867,403.476298,403.475684,3792.94389,3876.3538,2980.83825,3070.48373,163.595847,163.665008,63.8675366,63.9289838,-0.588894158,-0.591506835,1.75052535,1.73608775,-3.9612244,39.9635672,0.0214587385,1.1511189,-3.95366497,-3.9536398,-5.87928629,-5.87928225
0.0945,0,0,0,0,0,0,0,0,402.969414,403.012131,403.481474,403.480779,3789.18712,3872.67754,2976.33144,3066.46725,163.570107,163.641662,63.8578401,63.9204586,-0.588844953,-0.591392495,1.74927648,1.73495771,-3.95566588,39.9633756,0.0216158859,1.15053701,-3.94811104,-3.94808566,-5.87373162,-5.87372743
0.095,0,0,0,0,0,0,0,0,402.972376,403.015275,403.486551,403.485774,3785.43695,3869.007,2971.84485,3062.46805,163.544184,163.618142,63.848118,63.9119138,-0.588815852,-0.591305262,1.74799833,1.73379931,-3.95010727,39.9631856,0.0217727026,1.14994704,-3.94255709,-3.9425316,-5.86817692,-5.86817257
0.0955,0,0,0,0,0,0,0,0,402.975055,403.018121,403.491545,403.490689,3781.69079,3865.33642,2967.37922,3058.48679,163.518078,163.594446,63.8383709,63.9033497,-0.588800316,-0.591232101,1.74669127,1.73261275,-3.94454858,39.9629972,0.0219291808,1.14934897,-3.93700299,-3.9369774,-5.86262218,-5.86261767
0.096,0,0,0,0,0,0,0,0,402.977472,403.020695,403.496473,403.495541,3777.95553,3861.66957,2962.9352,3054.52415,163.491788,163.570576,63.8285989,63.8947666,-0.588810702,-0.591179266,1.74535522,1.73139821,-3.9389898,39.9628102,0.0220853123,1.14874277,-3.93144898,-3.93142316,-5.85706741,-5.85706273
0.0965,0,0,0,0,0,0,0,0,402.979653,403.02302,403.501351,403.500348,3774.22859,3858.00993,2958.51349,3050.58082,163.465314,163.546529,63.8188025,63.8861647,-0.588840217,-0.59115217,1.74399057,1.73015592,-3.93343094,39.9626245,0.0222410894,1.14812841,-3.92589494,-3.92586901,-5.8515126,-5.85150776
0.097,0,0,0,0,0,0,0,0,402.981623,403.025127,403.506196,403.505129,3770.51052,3854.35225,2954.1148,3046.65747,163.438657,163.522308,63.808982,63.8775444,-0.588888653,-0.59113882,1.74259756,1.72888625,-3.92787199,39.96244,0.0223965045,1.14750586,-3.92034087,-3.9203147,-5.84595775,-5.84595274
0.0975,0,0,0,0,0,0,0,0,402.983407,403.027043,403.511023,403.509898,3766.79867,3850.69999,2949.73979,3042.7547,163.411816,163.49791,63.7991377,63.868906,-0.588949437,-0.591144965,1.74117643,1.72758912,-3.92231295,39.9622565,0.0225515499,1.1468751,-3.91478664,-3.91476037,-5.84040287,-5.84039769
0.098,0,0,0,0,0,0,0,0,402.985034,403.028798,403.515845,403.514671,3763.09996,3847.05732,2945.38917,3038.87319,163.384792,163.473337,63.7892701,63.8602497,-0.589035076,-0.591177408,1.73972759,1.72626492,-3.91675383,39.962074,0.0227062183,1.14623609,-3.90923251,-3.90920614,-5.83484795,-5.8348426
0.0985,0,0,0,0,0,0,0,0,402.986532,403.030421,403.520677,403.519463,3759.41173,3843.41758,2941.06353,3035.01358,163.357584,163.448588,63.7793795,63.8515759,-0.589138728,-0.591221389,1.73825102,1.7249139,-3.91119461,39.9618922,0.0228605024,1.14558882,-3.90367835,-3.90365174,-5.82929299,-5.82928747
0.099,0,0,0,0,0,0,0,0,402.987926,403.031942,403.525531,403.524287,3755.73449,3839.7877,2936.76356,3031.17649,163.330194,163.423663,63.7694664,63.842885,-0.589260204,-0.591289683,1.73674712,1.7235363,-3.90563531,39.9617112,0.0230143951,1.14493326,-3.89812415,-3.89809742,-5.82373799,-5.82373229
0.0995,0,0,0,0,0,0,0,0,402.989245,403.03339,403.530418,403.529155,3752.06554,3836.16259,2932.4899,3027.36256,163.30262,163.398563,63.7595311,63.8341772,-0.589392877,-0.59137061,1.73521617,1.72213237,-3.90007592,39.9615306,0.0231678892,1.14426939,-3.8925698,-3.89254295,-5.81818295,-5.81817708
0.1,0,0,0,0,0,0,0,0,402.990514,403.034791,403.535349,403.534078,3748.41181,3832.54872,2928.24318,3023.57243,163.274864,163.373286,63.7495741,63.825453,-0.589549381,-0.591475968,1.73365845,1.72070253,-3.89451645,39.9613505,0.0233209781,1.14359718,-3.88701554,-3.88698857,-5.81262788,-5.81262183
0.1005,0,0,0,0,0,0,0,0,402.991758,403.036173,403.540332,403.539065,3744.77059,3828.94031,2924.02406,3019.80664,163.246926,163.347834,63.7395959,63.8167128,-0.589722818,-0.591592775,1.73207439,1.71924673,-3.88895688,39.9611708,0.0234736548,1.14291662,-3.88146124,-3.88143403,-5.80707277,-5.80706654
0.101,0,0,0,0,0,0,0,0,402.993001,403.037559,403.545377,403.544125,3741.14234,3825.34446,2919.83309,3016.06582,163.218805,163.322207,63.7295968,63.8079569,-0.589913002,-0.591734109,1.73046396,1.71776539,-3.88339722,39.9609913,0.0236259128,1.14222769,-3.87590692,-3.87587959,-5.80151762,-5.8015112
0.1015,0,0,0,0,0,0,0,0,402.994264,403.038971,403.55049,403.549262,3737.52433,3821.75477,2915.67091,3012.35056,163.190503,163.296404,63.7195774,63.7991858,-0.590113282,-0.591885768,1.72882761,1.71625877,-3.87783747,39.9608119,0.0237777456,1.14153035,-3.87035244,-3.87032499,-5.79596243,-5.79595583
0.102,0,0,0,0,0,0,0,0,402.99554,403.040387,403.555678,403.554471,3733.92346,3818.17877,2911.53811,3008.66145,163.16202,163.270427,63.7095382,63.7903999,-0.590336291,-0.592061721,1.72716561,1.71472715,-3.87227763,39.9606328,0.0239291468,1.14082461,-3.86479804,-3.86477048,-5.7904072,-5.79040041
0.1025,0,0,0,0,0,0,0,0,402.996829,403.041816,403.560939,403.559754,3730.33698,3814.60973,2907.4353,3004.99905,163.133355,163.244274,63.6994796,63.7815995,-0.59057506,-0.592247096,1.72547824,1.71317079,-3.8667177,39.9604538,0.0240801102,1.14011042,-3.85924362,-3.85921581,-5.78485192,-5.78484496
0.103,0,0,0,0,0,0,0,0,402.998135,403.043262,403.566272,403.565111,3726.76532,3811.0553,2903.36308,3001.36396,163.10451,163.217947,63.6894022,63.7727853,-0.590829415,-0.592456198,1.72376591,1.71159008,-3.86115768,39.960275,0.0242306296,1.13938779,-3.85368916,-3.85366123,-5.77929661,-5.77928946
0.1035,0,0,0,0,0,0,0,0,402.999461,403.044728,403.571678,403.570544,3723.20572,3807.50876,2899.32196,2997.75667,163.075485,163.191445,63.6793065,63.7639577,-0.591092731,-0.592674157,1.72202861,1.70998495,-3.85559757,39.9600964,0.024380699,1.13865669,-3.84813454,-3.84810648,-5.77374126,-5.77373392
0.104,0,0,0,0,0,0,0,0,403.000812,403.046218,403.577157,403.576052,3719.665,3803.97777,2895.31253,2994.17777,163.04628,163.16477,63.6691931,63.7551172,-0.591377555,-0.592915353,1.72026674,1.70835582,-3.85003736,39.9599179,0.0245303127,1.1379171,-3.84258002,-3.84255184,-5.76818587,-5.76817833
0.1045,0,0,0,0,0,0,0,0,403.002189,403.047734,403.582711,403.581637,3716.14038,3800.45552,2891.33535,2990.6278,163.016897,163.13792,63.6590625,63.7462642,-0.591677005,-0.593164806,1.71848056,1.70670291,-3.84447707,39.9597395,0.0246794649,1.13716901,-3.83702546,-3.83699702,-5.76263044,-5.76262271
0.105,0,0,0,0,0,0,0,0,403.003597,403.04928,403.588338,403.587298,3712.63227,3796.94971,2887.39097,2987.10729,162.987334,163.110898,63.6489154,63.7373993,-0.591990877,-0.593436999,1.71667035,1.70502648,-3.83891668,39.9595613,0.0248281498,1.13641239,-3.83147086,-3.8314423,-5.75707497,-5.75706704
0.1055,0,0,0,0,0,0,0,0,403.005039,403.05086,403.59404,403.593035,3709.1379,3793.45346,2883.47998,2983.61678,162.957594,163.083702,63.6387523,63.7285231,-0.592312605,-0.593716867,1.7148365,1.70332676,-3.8333562,39.9593832,0.0249763622,1.13564725,-3.82591611,-3.82588741,-5.75151946,-5.75151133
0.106,0,0,0,0,0,0,0,0,403.006517,403.052477,403.599815,403.598849,3705.66399,3789.9745,2879.60281,2980.15681,162.927676,163.056334,63.6285738,63.719636,-0.592654656,-0.594018972,1.71297899,1.70160415,-3.82779563,39.9592051,0.0251240966,1.13487355,-3.82036144,-3.82033262,-5.74596391,-5.74595558
0.1065,0,0,0,0,0,0,0,0,403.008035,403.054133,403.605665,403.60474,3702.20775,3786.50591,2875.76004,2976.72783,162.897582,163.028794,63.6183805,63.7107387,-0.593010198,-0.594328179,1.71109823,1.69985858,-3.82223496,39.9590272,0.0252713478,1.13409128,-3.81480674,-3.81477766,-5.74040831,-5.74039978
0.107,0,0,0,0,0,0,0,0,403.009595,403.055832,403.611587,403.610706,3698.76956,3783.05542,2871.95219,2973.33037,162.867312,163.001082,63.6081731,63.7018316,-0.593379029,-0.594659126,1.70919448,1.69809046,-3.81667421,39.9588493,0.0254181106,1.13330044,-3.80925201,-3.8092228,-5.73485268,-5.73484394
0.1075,0,0,0,0,0,0,0,0,403.011201,403.057576,403.617583,403.616748,3695.34663,3779.61605,2868.17976,2969.96495,162.836866,162.9732,63.5979521,63.6929154,-0.593754643,-0.594996615,1.70726801,1.69630001,-3.81111336,39.9586716,0.0255643801,1.132501,-3.80369711,-3.80366776,-5.729297,-5.72928806
0.108,0,0,0,0,0,0,0,0,403.012855,403.059369,403.623652,403.622865,3691.94559,3776.19555,2864.44328,2966.63204,162.806245,162.945147,63.5877182,63.6839906,-0.594149406,-0.595355342,1.70531923,1.6944875,-3.80555241,39.9584938,0.0257101515,1.13169295,-3.79814231,-3.79811282,-5.72374128,-5.72373213
0.1085,0,0,0,0,0,0,0,0,403.014561,403.061213,403.629792,403.629056,3688.56365,3772.78691,2860.74318,2963.33213,162.775451,162.916923,63.5774721,63.6750579,-0.594556544,-0.595720063,1.70334811,1.69265316,-3.79999138,39.9583162,0.02585542,1.13087629,-3.79258747,-3.79255771,-5.71818552,-5.71817617
0.109,0,0,0,0,0,0,0,0,403.016319,403.063111,403.636003,403.635321,3685.20113,3769.39788,2857.07997,2960.06573,162.744483,162.888531,63.5672145,63.6661177,-0.594975863,-0.596105519,1.70135506,1.69079741,-3.79443024,39.9581386,0.026000181,1.13005099,-3.78703259,-3.7870027,-5.71262972,-5.71262015
0.1095,0,0,0,0,0,0,0,0,403.018134,403.065066,403.642284,403.641659,3681.85524,3766.02141,2853.45414,2956.83324,162.713343,162.859969,63.5569459,63.6571708,-0.595400913,-0.59649644,1.69934036,1.68892017,-3.78886902,39.957961,0.02614443,1.12921705,-3.78147756,-3.78144751,-5.70707387,-5.7070641
0.11,0,0,0,0,0,0,0,0,403.020008,403.06708,403.648633,403.648068,3678.53253,3762.66524,2849.86615,2953.63515,162.682031,162.83124,63.5466671,63.6482177,-0.595843954,-0.596907588,1.69730428,1.68702185,-3.7833077,39.9577835,0.0262881627,1.12837446,-3.77592261,-3.77589243,-5.70151799,-5.701508
0.1105,0,0,0,0,0,0,0,0,403.021942,403.069155,403.655051,403.654547,3675.23019,3759.32231,2846.31649,2950.47191,162.650548,162.802343,63.5363787,63.6392591,-0.596298278,-0.597323675,1.69524723,1.6851027,-3.77774629,39.9576059,0.0264313747,1.1275232,-3.77036762,-3.77033717,-5.69596206,-5.69595186
0.111,0,0,0,0,0,0,0,0,403.02394,403.071293,403.661535,403.661096,3671.94851,3756.00033,2842.80555,2947.34398,162.618896,162.773279,63.5260814,63.6302956,-0.59676369,-0.597759485,1.6931692,1.68316298,-3.77218478,39.9574285,0.0265740621,1.12666327,-3.7648126,-3.76478201,-5.69040609,-5.69039567
0.1115,0,0,0,0,0,0,0,0,403.026003,403.073498,403.668085,403.667712,3668.68469,3752.69223,2839.3338,2944.25178,162.587074,162.744049,63.515776,63.6213278,-0.597233812,-0.59819973,1.69107061,1.68120295,-3.76662318,39.957251,0.0267162208,1.12579465,-3.75925742,-3.75922667,-5.68485008,-5.68483944
0.112,0,0,0,0,0,0,0,0,403.028133,403.075769,403.674695,403.674394,3665.44518,3749.40571,2835.90168,2941.1958,162.555084,162.714653,63.5054632,63.6123564,-0.597720779,-0.598659186,1.68895172,1.679223,-3.76106149,39.9570736,0.0268578469,1.12491734,-3.75370232,-3.75367143,-5.67929402,-5.67928316
0.1125,0,0,0,0,0,0,0,0,403.030333,403.078111,403.681357,403.681142,3662.22716,3746.13367,2832.50961,2938.17636,162.522927,162.685093,63.4951435,63.603382,-0.59821796,-0.599122576,1.68681285,1.6772231,-3.7554997,39.9568962,0.0269989366,1.12403133,-3.74814719,-3.74811602,-5.67373792,-5.67372684
0.113,0,0,0,0,0,0,0,0,403.032603,403.080524,403.688064,403.687951,3659.03089,3742.8838,2829.15806,2935.19393,162.490603,162.655369,63.4848179,63.5944053,-0.598725168,-0.599604656,1.68465441,1.67520364,-3.74993782,39.9567188,0.0271394863,1.12313661,-3.74259202,-3.7425607,-5.66818178,-5.66817048
0.1135,0,0,0,0,0,0,0,0,403.034946,403.08301,403.694811,403.694807,3655.85357,3739.64899,2825.84735,2932.24892,162.458114,162.625482,63.474487,63.585427,-0.599236096,-0.600090192,1.68247638,1.67316491,-3.74437584,39.9565415,0.0272794925,1.12223318,-3.7370367,-3.73700521,-5.6626256,-5.66261407
0.114,0,0,0,0,0,0,0,0,403.037363,403.08557,403.701593,403.701705,3652.70153,3736.43689,2822.57792,2929.34171,162.425461,162.595433,63.4641515,63.5764477,-0.599762729,-0.60059392,1.68027919,1.67110716,-3.73881377,39.9563643,0.0274189519,1.12132101,-3.73148145,-3.73144982,-5.65706937,-5.65705762
0.1145,0,0,0,0,0,0,0,0,403.039855,403.088206,403.708403,403.708638,3649.57197,3733.24042,2819.35017,2926.47271,162.392645,162.565222,63.4538122,63.5674681,-0.600298513,-0.601100634,1.67806311,1.66903066,-3.7332516,39.9561871,0.0275578611,1.12040012,-3.72592617,-3.72589425,-5.6515131,-5.65150112
0.115,0,0,0,0,0,0,0,0,403.042425,403.090919,403.715236,403.715598,3646.46511,3730.06716,2816.16448,2923.64233,162.359666,162.534851,63.4434698,63.5584889,-0.600843265,-0.601625015,1.67582844,1.66693582,-3.72768934,39.9560101,0.0276962169,1.11947049,-3.72037085,-3.72033878,-5.64595679,-5.64594458
0.1155,0,0,0,0,0,0,0,0,403.045072,403.093711,403.722087,403.722579,3643.37814,3726.91004,2813.02127,2920.85088,162.326525,162.504319,63.4331252,63.5495109,-0.601390761,-0.602151924,1.67357559,1.66482259,-3.72212698,39.9558331,0.0278340163,1.11853212,-3.71481538,-3.71478313,-5.64040043,-5.640388
0.116,0,0,0,0,0,0,0,0,403.047799,403.096582,403.72895,403.729575,3640.31729,3723.77662,2809.92083,2918.09876,162.293225,162.473629,63.422779,63.5405347,-0.601952846,-0.602695978,1.67130454,1.66269139,-3.71656453,39.9556563,0.0279712563,1.11758501,-3.70925999,-3.70922759,-5.63484403,-5.63483136
0.1165,0,0,0,0,0,0,0,0,403.050605,403.099533,403.735823,403.736579,3637.27975,3720.65983,2806.86356,2915.38633,162.259765,162.442781,63.4124321,63.531561,-0.602523046,-0.603242109,1.66901573,1.66054248,-3.71100198,39.9554796,0.0281079343,1.11662914,-3.70370456,-3.70367186,-5.62928759,-5.62927469
0.117,0,0,0,0,0,0,0,0,403.053492,403.102564,403.742699,403.743587,3634.26571,3717.56717,2803.84981,2912.71394,162.226148,162.411776,63.4020852,63.5225905,-0.603101178,-0.603804863,1.66670944,1.65837613,-3.70543933,39.955303,0.0282440473,1.11566451,-3.69814909,-3.69811624,-5.6237311,-5.62371797
0.1175,0,0,0,0,0,0,0,0,403.056461,403.105677,403.749575,403.750594,3631.27237,3714.49161,2800.87992,2910.08195,162.192373,162.380615,63.391739,63.5136241,-0.603681103,-0.604369264,1.66438595,1.65619259,-3.6998766,39.9551266,0.0283795929,1.11469113,-3.69259347,-3.69256043,-5.61817457,-5.6181612
0.118,0,0,0,0,0,0,0,0,403.059512,403.108872,403.756447,403.757594,3628.30584,3711.44057,2797.95428,2907.49071,162.158443,162.349298,63.3813945,63.5046623,-0.604274518,-0.604949754,1.66204569,1.6539923,-3.69431376,39.9549503,0.0285145685,1.11370898,-3.68703792,-3.68700473,-5.612618,-5.61260439
0.1185,0,0,0,0,0,0,0,0,403.062645,403.11215,403.763313,403.764583,3625.36332,3708.40708,2795.07312,2904.9405,162.124358,162.317828,63.3710523,63.4957059,-0.604875035,-0.605531471,1.65968865,1.65177519,-3.68875083,39.9547742,0.0286489718,1.11271807,-3.68148234,-3.68144884,-5.60706138,-5.60704754
0.119,0,0,0,0,0,0,0,0,403.06586,403.115509,403.770168,403.771557,3622.44495,3705.39847,2792.23681,2902.43167,162.09012,162.286204,63.3607133,63.4867557,-0.605482478,-0.606128746,1.65731526,1.6495417,-3.68318781,39.9545983,0.0287828005,1.11171839,-3.67592672,-3.67589306,-5.60150472,-5.60149063
0.1195,0,0,0,0,0,0,0,0,403.069159,403.118951,403.77701,403.778514,3619.54795,3702.40781,2789.44566,2899.96453,162.055729,162.254428,63.3503782,63.4778123,-0.606090784,-0.606726847,1.65492582,1.64729209,-3.67762469,39.9544225,0.0289160524,1.11070994,-3.67037094,-3.6703371,-5.59594801,-5.59593369
0.12,0,0,0,0,0,0,0,0,403.07254,403.122475,403.783836,403.78545,3616.67831,3699.44236,2786.69997,2897.53939,162.021188,162.222501,63.3400479,63.4688767,-0.606711513,-0.607339968,1.65252061,1.64502663,-3.67206148,39.9542469,0.0290487256,1.10969272,-3.66481524,-3.66478123,-5.59039126,-5.5903767
0.1205,0,0,0,0,0,0,0,0,403.076004,403.126081,403.790646,403.792362,3613.83324,3696.49525,2784.00007,2895.15654,161.986496,162.190424,63.3297232,63.4599493,-0.607338358,-0.607953526,1.65010007,1.6427456,-3.66649817,39.9540715,0.029180818,1.10866674,-3.6592595,-3.65922519,-5.58483447,-5.58481966
0.121,0,0,0,0,0,0,0,0,403.079551,403.129769,403.797435,403.799248,3611.01285,3693.57364,2781.34617,2892.81632,161.951657,162.158198,63.3194048,63.4510311,-0.60797115,-0.608581567,1.64766418,1.64044942,-3.66093476,39.9538963,0.0293123279,1.10763199,-3.65370373,-3.65366924,-5.57927763,-5.57926258
0.1215,0,0,0,0,0,0,0,0,403.083179,403.133539,403.804204,403.806107,3608.21436,3690.67072,2778.7386,2890.51894,161.91667,162.125825,63.3090937,63.4421228,-0.608603907,-0.609209676,1.6452134,1.63813805,-3.65537126,39.9537213,0.0294432535,1.10658846,-3.6481478,-3.64811312,-5.57372075,-5.57370545
0.122,0,0,0,0,0,0,0,0,403.08689,403.137389,403.810951,403.812937,3605.44364,3687.79355,2776.1776,2888.26471,161.881537,162.093304,63.2987905,63.4332251,-0.609248048,-0.609851728,1.64274802,1.63581192,-3.64980766,39.9535465,0.0295735932,1.10553617,-3.64259195,-3.64255709,-5.56816382,-5.56814827
0.1225,0,0,0,0,0,0,0,0,403.090682,403.14132,403.817674,403.819738,3602.69792,3684.93541,2773.66346,2886.05389,161.846259,162.060638,63.2884961,63.4243388,-0.609897356,-0.610493487,1.64026833,1.6334713,-3.64424397,39.9533719,0.0297033455,1.10447512,-3.63703605,-3.63700089,-5.56260685,-5.56259105
0.123,0,0,0,0,0,0,0,0,403.094554,403.145329,403.824374,403.826507,3599.97726,3682.10324,2771.19645,2883.88674,161.810838,162.027827,63.2782114,63.4154647,-0.610551663,-0.61114865,1.63777477,1.63111649,-3.63868018,39.9531975,0.0298325089,1.10340531,-3.63148012,-3.63144478,-5.55704983,-5.55703379
0.1235,0,0,0,0,0,0,0,0,403.098506,403.149418,403.831049,403.833244,3597.27889,3679.2904,2768.77675,2881.76352,161.775275,161.994873,63.2679372,63.4066035,-0.611205067,-0.611803186,1.63526735,1.62874774,-3.6331163,39.9530232,0.0299610823,1.10232673,-3.62592404,-3.62588849,-5.55149277,-5.55147648
0.124,0,0,0,0,0,0,0,0,403.102536,403.153583,403.837699,403.83995,3594.60859,3676.50372,2766.40462,2879.6845,161.739572,161.961777,63.2576743,63.3977559,-0.611868847,-0.61247058,1.6327465,1.62636551,-3.62755232,39.9528492,0.0300890644,1.1012394,-3.62036802,-3.6203323,-5.54593567,-5.54591912
0.1245,0,0,0,0,0,0,0,0,403.106645,403.157824,403.844323,403.846625,3591.96358,3673.73665,2764.0803,2877.64984,161.703729,161.928539,63.2474234,63.3889228,-0.612536858,-0.613137025,1.63021254,1.62396975,-3.62198825,39.9526754,0.030216454,1.10014332,-3.61481197,-3.61477594,-5.54037852,-5.54036172
0.125,0,0,0,0,0,0,0,0,403.11083,403.162141,403.850923,403.853268,3589.34389,3670.99589,2761.804,2875.65982,161.667749,161.895162,63.2371856,63.3801049,-0.613208943,-0.613815788,1.62766575,1.62156091,-3.61642408,39.9525018,0.0303432502,1.09903849,-3.60925588,-3.60921966,-5.53482133,-5.53480427
0.1255,0,0,0,0,0,0,0,0,403.115091,403.166531,403.857497,403.85988,3586.74676,3668.27498,2759.57597,2873.71465,161.631632,161.861646,63.2269615,63.371303,-0.613879274,-0.614493294,1.6251066,1.61913926,-3.61085982,39.9523284,0.0304694521,1.09792493,-3.60369964,-3.60366322,-5.52926409,-5.52924678
0.126,0,0,0,0,0,0,0,0,403.119426,403.170993,403.864046,403.866461,3584.17785,3665.58051,2757.39633,2871.81453,161.59538,161.827993,63.2167521,63.3625179,-0.614558988,-0.615182579,1.62253508,1.61670509,-3.60529546,39.9521552,0.0305950588,1.09680263,-3.59814347,-3.59810686,-5.52370681,-5.52368924
0.1265,0,0,0,0,0,0,0,0,403.123833,403.175525,403.870571,403.873012,3581.63438,3662.90612,2755.26531,2869.95968,161.558994,161.794204,63.2065581,63.3537503,-0.615242023,-0.615870315,1.61995163,1.61425869,-3.59973101,39.9519822,0.0307200697,1.0956716,-3.59258726,-3.59255033,-5.51814948,-5.51813166
0.127,0,0,0,0,0,0,0,0,403.128312,403.180127,403.877072,403.879535,3579.11638,3660.25825,2753.1831,2868.15033,161.522476,161.76028,63.1963805,63.3450011,-0.615928226,-0.616569295,1.61735657,1.6118005,-3.59416646,39.9518094,0.0308444842,1.09453185,-3.58703101,-3.58699389,-5.51259211,-5.51257403
0.1275,0,0,0,0,0,0,0,0,403.132861,403.184795,403.883549,403.886029,3576.62107,3657.63067,2751.14987,2866.38658,161.485828,161.726222,63.18622,63.3362709,-0.616611857,-0.617266452,1.6147502,1.60933049,-3.58860181,39.9516369,0.0309683016,1.09338339,-3.58147462,-3.58143728,-5.5070347,-5.50701635
0.128,0,0,0,0,0,0,0,0,403.137477,403.189529,403.890003,403.892496,3574.15402,3655.02967,2749.16582,2864.66865,161.44905,161.692032,63.1760774,63.3275606,-0.617303907,-0.617974313,1.61213298,1.60684911,-3.58303707,39.9514645,0.0310915217,1.09222622,-3.57591829,-3.57588076,-5.50147724,-5.50145863
0.1285,0,0,0,0,0,0,0,0,403.14216,403.194327,403.896434,403.898937,3571.71244,3652.44914,2747.23105,2862.99672,161.412145,161.657711,63.1659538,63.318871,-0.617998406,-0.618680092,1.60950489,1.60435663,-3.57747224,39.9512923,0.031214144,1.09106037,-3.57036192,-3.57032407,-5.49591973,-5.49590087
0.129,0,0,0,0,0,0,0,0,403.146908,403.199185,403.902844,403.905353,3569.29634,3649.89521,2745.34572,2861.37095,161.375113,161.623261,63.1558498,63.3102028,-0.618695208,-0.619396045,1.60686641,1.60185336,-3.57190731,39.9511203,0.0313361684,1.08988582,-3.56480551,-3.56476746,-5.49036218,-5.49034305
0.1295,0,0,0,0,0,0,0,0,403.151718,403.204103,403.909232,403.911744,3566.90295,3647.3619,2743.50999,2859.79148,161.337957,161.588682,63.1457664,63.3015569,-0.619388658,-0.620109675,1.60421784,1.59933958,-3.56634229,39.9509486,0.0314575946,1.08870261,-3.55924896,-3.55921069,-5.48480459,-5.48478519
0.13,0,0,0,0,0,0,0,0,403.156588,403.209079,403.9156,403.918113,3564.53771,3644.85519,2741.72399,2858.25851,161.300678,161.553975,63.1357043,63.292934,-0.620089609,-0.62083295,1.60155947,1.59681573,-3.56077718,39.950777,0.0315784227,1.08751073,-3.55369247,-3.55365399,-5.47924695,-5.47922729
0.1305,0,0,0,0,0,0,0,0,403.161517,403.214109,403.921947,403.924459,3562.19788,3642.36923,2739.98787,2856.77209,161.263277,161.519144,63.1256645,63.2843349,-0.620792179,-0.621553669,1.59889177,1.59428179,-3.55521197,39.9506057,0.0316986525,1.0863102,-3.54813594,-3.54809714,-5.47368926,-5.47366934
0.131,0,0,0,0,0,0,0,0,403.166503,403.219192,403.928275,403.930785,3559.88341,3639.90984,2738.30167,2855.3324,161.225756,161.484187,63.1156478,63.2757604,-0.621496237,-0.622283513,1.59621474,1.59173821,-3.54964666,39.9504345,0.0318182843,1.08510103,-3.54257937,-3.54254037,-5.46813154,-5.46811135
0.1315,0,0,0,0,0,0,0,0,403.171543,403.224326,403.934584,403.93709,3557.59155,3637.47131,2736.66555,2853.93955,161.188116,161.449108,63.1056551,63.2672113,-0.622196221,-0.623010585,1.59352883,1.58918528,-3.54408127,39.9502636,0.0319373183,1.08388323,-3.53702266,-3.53698343,-5.46257376,-5.46255331
0.132,0,0,0,0,0,0,0,0,403.176635,403.229507,403.940875,403.943376,3555.32764,3635.05929,2735.07959,2852.59366,161.15036,161.413907,63.0956871,63.2586883,-0.622902833,-0.623746268,1.59083436,1.58662329,-3.53851577,39.9500929,0.0320557547,1.08265683,-3.53146601,-3.53142657,-5.45701595,-5.45699522
0.1325,0,0,0,0,0,0,0,0,403.181777,403.234735,403.947148,403.949643,3553.08893,3632.66821,2733.54389,2851.29483,161.112488,161.378586,63.0857448,63.2501924,-0.623610293,-0.624478976,1.58813162,1.58405253,-3.53295019,39.9499224,0.0321735939,1.08142182,-3.52590932,-3.52586956,-5.45145809,-5.45143709
0.133,0,0,0,0,0,0,0,0,403.186966,403.240005,403.953404,403.955893,3550.87536,3630.30356,2732.05856,2850.0432,161.074502,161.343146,63.075829,63.2417242,-0.624318482,-0.625219783,1.58542107,1.58147343,-3.52738451,39.9497521,0.0322908363,1.08017824,-3.5203526,-3.52031261,-5.44590018,-5.44587891
0.1335,0,0,0,0,0,0,0,0,403.192201,403.245317,403.959642,403.962125,3548.68419,3627.9599,2730.6236,2848.83878,161.036405,161.307589,63.0659406,63.2332845,-0.625021929,-0.625957427,1.58270272,1.578886,-3.52181874,39.949582,0.0324074826,1.07892608,-3.51479572,-3.51475552,-5.44034223,-5.44032069
0.134,0,0,0,0,0,0,0,0,403.197478,403.250666,403.965863,403.968341,3546.52066,3625.64257,2729.23912,2847.6817,160.998197,161.271915,63.0560804,63.2248742,-0.625731198,-0.626702661,1.57997703,1.57629066,-3.51625288,39.9494122,0.0325235332,1.07766538,-3.50923892,-3.50919849,-5.43478424,-5.43476243
0.1345,0,0,0,0,0,0,0,0,403.202796,403.256051,403.972068,403.97454,3544.38202,3623.34627,2727.90516,2846.57202,160.95988,161.236128,63.0462493,63.2164941,-0.626440602,-0.627444548,1.57724428,1.57368771,-3.51068692,39.9492426,0.032638989,1.07639614,-3.50368207,-3.50364131,-5.4292262,-5.42920411
0.135,0,0,0,0,0,0,0,0,403.208152,403.26147,403.978257,403.980724,3542.2682,3621.0736,2726.62177,2845.50981,160.921456,161.200226,63.0364481,63.2081448,-0.627150038,-0.628188417,1.57450479,1.57107744,-3.50512087,39.9490732,0.0327538506,1.07511838,-3.49812518,-3.4980841,-5.42366812,-5.42364576
0.1355,0,0,0,0,0,0,0,0,403.213543,403.266919,403.984429,403.986893,3540.17647,3618.82834,2725.38903,2844.49513,160.882926,161.164214,63.0266777,63.1998273,-0.627854129,-0.628941641,1.57175902,1.56846014,-3.49955473,39.948904,0.032868119,1.07383212,-3.49256815,-3.49252699,-5.41810999,-5.41808736
0.136,0,0,0,0,0,0,0,0,403.218967,403.272396,403.990585,403.993046,3538.11195,3616.60283,2724.2069,2843.52805,160.844292,161.12809,63.0169389,63.1915423,-0.628563297,-0.629688609,1.56900696,1.56583624,-3.4939885,39.9487351,0.0329817951,1.07253739,-3.48701118,-3.48696969,-5.41255182,-5.41252891
0.1365,0,0,0,0,0,0,0,0,403.224422,403.277898,403.996724,403.999183,3536.07194,3614.40082,2723.07542,2842.60856,160.805556,161.091859,63.0072326,63.1832906,-0.629271958,-0.63043709,1.56624906,1.56320574,-3.48842218,39.9485664,0.03309488,1.07123419,-3.48145417,-3.48141236,-5.40699361,-5.40697042
0.137,0,0,0,0,0,0,0,0,403.229904,403.283423,404.002847,404.005306,3534.05631,3612.22589,2721.99463,2841.73672,160.766719,161.055519,62.9975597,63.1750729,-0.629980019,-0.631194072,1.56348563,1.56056906,-3.48285576,39.9483979,0.0332073746,1.06992255,-3.47589712,-3.47585512,-5.40143535,-5.40141188
0.1375,0,0,0,0,0,0,0,0,403.235412,403.288968,404.008954,404.011413,3532.06494,3610.07074,2720.96451,2840.91255,160.727784,161.019074,62.987921,63.1668902,-0.630687338,-0.631944701,1.56071698,1.55792651,-3.47728925,39.9482297,0.0333192802,1.06860249,-3.47034003,-3.47029771,-5.39587705,-5.3958533
0.138,0,0,0,0,0,0,0,0,403.240944,403.29453,404.015043,404.017504,3530.0945,3607.93892,2719.9851,2840.13608,160.688751,160.982525,62.9783173,63.1587431,-0.63138737,-0.632696372,1.55794354,1.55527836,-3.47172266,39.9480618,0.033430598,1.06727403,-3.46478278,-3.46474025,-5.3903187,-5.39029468
0.1385,0,0,0,0,0,0,0,0,403.246495,403.300108,404.021116,404.02358,3528.15127,3605.83381,2719.05633,2839.40731,160.649623,160.945872,62.9687495,63.1506324,-0.632092977,-0.633455715,1.55516532,1.5526249,-3.46615597,39.9478941,0.0335413294,1.0659372,-3.45922562,-3.45918289,-5.38476031,-5.38473601
0.139,0,0,0,0,0,0,0,0,403.252064,403.305697,404.027171,404.029639,3526.23192,3603.74844,2718.1782,2838.72627,160.6104,160.909119,62.9592185,63.142559,-0.632797349,-0.63420863,1.55238277,1.54996657,-3.46058919,39.9477267,0.0336514758,1.064592,-3.45366841,-3.45362535,-5.37920188,-5.3791773
0.1395,0,0,0,0,0,0,0,0,403.257649,403.311296,404.033208,404.035682,3524.33631,3601.68618,2717.35069,2838.0929,160.571086,160.872265,62.949725,63.1345235,-0.633500439,-0.63496214,1.54959618,1.54730335,-3.45502232,39.9475595,0.0337610385,1.06323848,-3.44811116,-3.44806777,-5.37364341,-5.37361854
0.14,0,0,0,0,0,0,0,0,403.263246,403.316903,404.039226,404.041707,3522.46428,3599.6502,2716.57376,2837.50722,160.531681,160.835313,62.94027,63.1265269,-0.63420212,-0.635722523,1.54680586,1.54463568,-3.44945536,39.9473926,0.0338700192,1.06187665,-3.44255387,-3.44251028,-5.36808489,-5.36805974
0.1405,0,0,0,0,0,0,0,0,403.268854,403.322514,404.045226,404.047715,3520.61254,3597.6339,2715.8474,2836.9692,160.492187,160.798264,62.9308543,63.1185698,-0.634895991,-0.636476432,1.54401223,1.54196383,-3.44388832,39.9472261,0.0339784194,1.06050653,-3.43699643,-3.43695263,-5.36252632,-5.3625009
0.141,0,0,0,0,0,0,0,0,403.274469,403.328114,404.051206,404.053705,3518.78723,3595.64044,2715.17149,2836.47881,160.452606,160.761119,62.9214787,63.1106531,-0.635594694,-0.637230499,1.54121532,1.53928809,-3.43832118,39.9470598,0.0340862409,1.05912816,-3.43143906,-3.43139493,-5.35696772,-5.35694201
0.1415,0,0,0,0,0,0,0,0,403.280088,403.333682,404.057167,404.059675,3516.98505,3593.67268,2714.54601,2836.03603,160.412939,160.723881,62.912144,63.1027775,-0.636291552,-0.637990417,1.53841555,1.53660875,-3.43275395,39.9468938,0.0341934853,1.05774155,-3.42588165,-3.42583731,-5.35140907,-5.35138308
0.142,0,0,0,0,0,0,0,0,403.285682,403.339207,404.063106,404.065626,3515.20584,3591.7246,2713.97089,2835.64082,160.373189,160.686551,62.9028512,63.0949438,-0.636986493,-0.638744033,1.5356132,1.53392621,-3.42718664,39.9467283,0.0343001545,1.05634673,-3.42032421,-3.42027954,-5.34585038,-5.3458241
0.1425,0,0,0,0,0,0,0,0,403.291243,403.34468,404.069024,404.071556,3513.44942,3589.79903,2713.44604,2835.29309,160.333357,160.649129,62.893601,63.0871527,-0.637679444,-0.639497353,1.53280856,1.53124046,-3.42161924,39.9465631,0.0344062503,1.05494374,-3.41476673,-3.41472172,-5.34029165,-5.34026508
0.143,0,0,0,0,0,0,0,0,403.296761,403.35009,404.074921,404.077465,3511.71258,3587.89588,2712.97144,2834.99281,160.293444,160.611619,62.8843943,63.0794051,-0.638364185,-0.640250193,1.53000206,1.52855191,-3.41605175,39.9463984,0.0345117746,1.05353258,-3.40920908,-3.40916387,-5.33473287,-5.33470602
0.1435,0,0,0,0,0,0,0,0,403.302227,403.355431,404.080794,404.083352,3510.00123,3586.01827,2712.54691,2834.7399,160.253453,160.57402,62.8752319,63.0717017,-0.639052984,-0.641008947,1.52719369,1.52586083,-3.41048417,39.9462342,0.0346167296,1.05211331,-3.40365152,-3.4036061,-5.32917405,-5.32914692
0.144,0,0,0,0,0,0,0,0,403.307634,403.360698,404.086644,404.089216,3508.31217,3584.15958,2712.17239,2834.5343,160.213384,160.536336,62.8661146,63.0640432,-0.639739392,-0.641760255,1.52438387,1.52316749,-3.40491651,39.9460705,0.0347211172,1.05068593,-3.39809392,-3.39804817,-5.32361519,-5.32358777
0.1445,0,0,0,0,0,0,0,0,403.312976,403.365885,404.09247,404.095057,3506.64519,3582.32292,2711.84778,2834.37593,160.173241,160.498566,62.8570433,63.0564305,-0.640423405,-0.642510806,1.52157288,1.52047215,-3.39934876,39.9459073,0.0348249395,1.04925049,-3.39253628,-3.3924902,-5.31805629,-5.31802858
0.145,0,0,0,0,0,0,0,0,403.318249,403.370989,404.098271,404.100873,3505.00011,3580.50817,2711.57296,2834.2647,160.133024,160.460714,62.8480188,63.0488643,-0.641104946,-0.643260411,1.518761,1.51777509,-3.39378092,39.9457446,0.0349281987,1.047807,-3.3869786,-3.38693219,-5.31249735,-5.31246935
0.1455,0,0,0,0,0,0,0,0,403.323449,403.376009,404.104047,404.106663,3503.37374,3578.71795,2711.34782,2834.20055,160.092735,160.42278,62.8390419,63.0413453,-0.641777934,-0.644014494,1.51594851,1.51507673,-3.38821299,39.9455824,0.0350308972,1.0463555,-3.38142077,-3.38137424,-5.30693836,-5.30691007
0.146,0,0,0,0,0,0,0,0,403.328573,403.380944,404.109796,404.112428,3501.77189,3576.94661,2711.17227,2834.18331,160.052375,160.384766,62.8301134,63.0338743,-0.64245451,-0.644761742,1.51313585,1.51237701,-3.38264499,39.9454208,0.0351330372,1.04489603,-3.37586301,-3.37581616,-5.30137933,-5.30135075
0.1465,0,0,0,0,0,0,0,0,403.333621,403.385795,404.115518,404.118166,3500.19138,3575.19675,2711.04609,2834.2129,160.011948,160.346674,62.8212342,63.0264521,-0.643128351,-0.64550782,1.51032296,1.50967636,-3.37707689,39.9452596,0.035234621,1.04342861,-3.37030521,-3.37025803,-5.29582026,-5.29579139
0.147,0,0,0,0,0,0,0,0,403.338594,403.390563,404.121212,404.123875,3498.632,3573.46824,2710.96918,2834.28922,159.971453,160.308504,62.8124049,63.0190792,-0.643799477,-0.646252573,1.5075103,1.50697506,-3.37150871,39.945099,0.0353356511,1.04195327,-3.36474738,-3.36469986,-5.29026115,-5.29023199
0.1475,0,0,0,0,0,0,0,0,403.343491,403.395251,404.126877,404.129556,3497.09356,3571.76093,2710.9414,2834.41215,159.930894,160.270259,62.8036265,63.0117566,-0.644467833,-0.646995925,1.50469814,1.50427336,-3.36594045,39.9449389,0.03543613,1.04047004,-3.35918951,-3.35914166,-5.28470199,-5.28467255
0.148,0,0,0,0,0,0,0,0,403.348314,403.399861,404.132513,404.135208,3495.57287,3570.07779,2710.96258,2834.58154,159.89027,160.231941,62.7948998,63.004485,-0.645127429,-0.647744027,1.50188676,1.50157153,-3.3603721,39.9447793,0.0355360603,1.03897897,-3.35363148,-3.35358354,-5.2791428,-5.27911306
0.1485,0,0,0,0,0,0,0,0,403.353066,403.404397,404.13812,404.140829,3494.07569,3568.41242,2711.03257,2834.79727,159.849585,160.19355,62.7862254,62.9972649,-0.645790316,-0.648484126,1.49907642,1.49886984,-3.35480367,39.9446202,0.0356354444,1.03748008,-3.34807353,-3.34802526,-5.27358356,-5.27355353
0.149,0,0,0,0,0,0,0,0,403.35775,403.408864,404.143695,404.14642,3492.59884,3566.76778,2711.15122,2835.05923,159.80884,160.155088,62.7776043,62.9900973,-0.646450253,-0.649222664,1.49626757,1.49616871,-3.34923515,39.9444615,0.0357342852,1.03597341,-3.34251554,-3.34246694,-5.26802429,-5.26799396
0.1495,0,0,0,0,0,0,0,0,403.362369,403.413267,404.149239,404.151979,3491.14211,3565.14372,2711.31828,2835.36719,159.768037,160.116557,62.7690371,62.9829827,-0.647107282,-0.649959504,1.49346017,1.4934681,-3.34366655,39.9443034,0.0358325851,1.03445899,-3.33695752,-3.33690858,-5.26246497,-5.26243435
0.15,0,0,0,0,0,0,0,0,403.366928,403.41761,404.154752,404.157505,3489.7053,3563.54007,2711.53362,2835.72104,159.727176,160.077958,62.7605247,62.9759219,-0.647761376,-0.650694588,1.49065464,1.49076842,-3.33809787,39.9441457,0.0359303471,1.03293687,-3.33139945,-3.33135019,-5.25690561,-5.2568747
0.1505,0,0,0,0,0,0,0,0,403.371431,403.421898,404.160231,404.162998,3488.28525,3561.95971,2711.79703,2836.12061,159.68626,160.039293,62.7520678,62.9689156,-0.648406613,-0.651433948,1.48785126,1.48806994,-3.33252911,39.9439884,0.0360275739,1.03140707,-3.32584124,-3.32579187,-5.25134621,-5.25131501
0.151,0,0,0,0,0,0,0,0,403.375882,403.426138,404.165677,404.168457,3486.88764,3560.3964,2712.10831,2836.56574,159.645291,160.000563,62.7436671,62.9619644,-0.649054962,-0.652165162,1.48505031,1.48537293,-3.32696026,39.9438315,0.0361242683,1.02986963,-3.3202831,-3.3202334,-5.24578677,-5.24575528
0.1515,0,0,0,0,0,0,0,0,403.380286,403.430335,404.171088,404.173881,3485.50933,3558.853,2712.46726,2837.05624,159.60427,159.96177,62.7353235,62.9550691,-0.649700257,-0.652894528,1.48225205,1.48267764,-3.32139134,39.9436751,0.0362204333,1.0283246,-3.31472492,-3.3146749,-5.2402273,-5.24019551
0.152,0,0,0,0,0,0,0,0,403.384648,403.434494,404.176465,404.17927,3484.15009,3557.32934,2712.8737,2837.59192,159.563198,159.922915,62.7270376,62.9482304,-0.650342557,-0.653621928,1.4794569,1.47998435,-3.31582233,39.943519,0.0363160717,1.026772,-3.30916671,-3.30911635,-5.23466778,-5.23463569
0.1525,0,0,0,0,0,0,0,0,403.388974,403.438621,404.181807,404.184623,3482.80973,3555.82526,2713.32734,2838.17264,159.522078,159.884001,62.7188103,62.9414489,-0.650981852,-0.65434732,1.47666483,1.47729344,-3.31025325,39.9433633,0.0364111866,1.02521189,-3.30360845,-3.30355777,-5.22910822,-5.22907584
0.153,0,0,0,0,0,0,0,0,403.393267,403.442721,404.187112,404.189939,3481.48509,3554.34368,2713.82798,2838.79812,159.48091,159.845027,62.7106422,62.9347253,-0.651612296,-0.655076857,1.47387626,1.4746049,-3.30468408,39.943208,0.036505781,1.0236443,-3.29805005,-3.29799927,-5.22354862,-5.22351595
0.1535,0,0,0,0,0,0,0,0,403.397532,403.446798,404.19238,404.195218,3480.18182,3552.87823,2714.3754,2839.4682,159.439697,159.805997,62.7025341,62.9280602,-0.652245755,-0.655797921,1.47109146,1.47191913,-3.29911484,39.9430529,0.0365998579,1.02206927,-3.29249173,-3.29244062,-5.21798899,-5.21795602
0.154,0,0,0,0,0,0,0,0,403.401775,403.450858,404.197611,404.200458,3478.89678,3551.43183,2714.96934,2840.18266,159.39844,159.766911,62.6944867,62.9214543,-0.652876143,-0.656516929,1.46831067,1.46923637,-3.29354551,39.9428983,0.0366934205,1.02048685,-3.28693337,-3.28688193,-5.21242931,-5.21239604
0.1545,0,0,0,0,0,0,0,0,403.405998,403.454904,404.202804,404.20566,3477.62976,3550.0043,2715.60956,2840.94129,159.35714,159.727771,62.6865008,62.9149084,-0.653503528,-0.657233779,1.46553418,1.46655689,-3.28797611,39.9427439,0.0367864718,1.01889707,-3.28137497,-3.2813232,-5.2068696,-5.20683604
0.155,0,0,0,0,0,0,0,0,403.410207,403.458941,404.207958,404.210822,3476.38055,3548.59546,2716.29585,2841.74386,159.3158,159.688578,62.6785769,62.9084229,-0.654127916,-0.657948442,1.46276237,1.46388093,-3.28240663,39.9425898,0.0368790151,1.01729998,-3.27581654,-3.27576444,-5.20130985,-5.20127599
0.1555,0,0,0,0,0,0,0,0,403.414404,403.462972,404.213073,404.215943,3475.14603,3547.20826,2717.02786,2842.59014,159.27442,159.649334,62.6707159,62.9019986,-0.654743538,-0.658667129,1.45999522,1.46120875,-3.27683708,39.942436,0.0369710536,1.01569563,-3.27025795,-3.27020576,-5.19575006,-5.1957159
0.156,0,0,0,0,0,0,0,0,403.418593,403.467001,404.218147,404.221024,3473.93178,3545.83627,2717.80537,2843.4799,159.233002,159.610041,62.6629185,62.895636,-0.655362142,-0.659377139,1.45723312,1.45854059,-3.27126745,39.9422825,0.0370625906,1.01408405,-3.26469945,-3.26464693,-5.19019023,-5.19015578
0.1565,0,0,0,0,0,0,0,0,403.422777,403.471029,404.223181,404.226064,3472.7347,3544.48244,2718.62811,2844.41292,159.191548,159.570699,62.6551852,62.8893359,-0.655977716,-0.660084955,1.45447632,1.45587686,-3.26569774,39.9421292,0.0371536293,1.01246529,-3.25914091,-3.25908806,-5.18463036,-5.18459561
0.157,0,0,0,0,0,0,0,0,403.426959,403.47506,404.228173,404.231061,3471.55457,3543.14657,2719.49578,2845.38889,159.150059,159.53131,62.6475169,62.8830987,-0.656590345,-0.66079048,1.45172508,1.45321749,-3.26012796,39.9419762,0.037244173,1.01083941,-3.25358233,-3.25352916,-5.17907046,-5.17903541
0.1575,0,0,0,0,0,0,0,0,403.431141,403.479092,404.233124,404.236015,3470.39118,3541.82849,2720.40812,2846.40758,159.108537,159.491876,62.6399142,62.8769252,-0.657200043,-0.661493693,1.44897964,1.45056287,-3.2545581,39.9418235,0.0373342251,1.00920644,-3.24802372,-3.24797022,-5.17351052,-5.17347518
0.158,0,0,0,0,0,0,0,0,403.435324,403.483124,404.238031,404.240926,3469.24148,3540.531,2721.36484,2847.46874,159.066984,159.452399,62.6323777,62.870816,-0.65780113,-0.662200568,1.44624037,1.44791323,-3.24898817,39.9416709,0.037423789,1.00756643,-3.24246497,-3.24241136,-5.16795055,-5.1679149
0.1585,0,0,0,0,0,0,0,0,403.439509,403.487158,404.242895,404.245793,3468.11093,3539.24794,2722.36561,2848.5721,159.0254,159.412879,62.6249081,62.8647716,-0.658405197,-0.662898919,1.44350725,1.44526882,-3.24341817,39.9415187,0.0375128682,1.00591942,-3.23690629,-3.23685235,-5.16239053,-5.16235459
0.159,0,0,0,0,0,0,0,0,403.443693,403.491191,404.247715,404.250615,3466.99649,3537.98211,2723.41013,2849.71739,158.983787,159.373318,62.6175061,62.8587926,-0.659006326,-0.663594975,1.44078064,1.44262987,-3.23784809,39.9413667,0.037601466,1.00426548,-3.23134757,-3.23129331,-5.15683049,-5.15679425
0.1595,0,0,0,0,0,0,0,0,403.447878,403.495226,404.25249,404.255392,3465.89794,3536.73332,2724.4981,2850.90432,158.942146,159.333717,62.6101723,62.8528796,-0.659604608,-0.664288655,1.43806079,1.43999661,-3.23227794,39.9412149,0.0376895859,1.00260464,-3.22578882,-3.22573424,-5.1512704,-5.15123387
0.16,0,0,0,0,0,0,0,0,403.452063,403.499261,404.25722,404.260123,3464.81508,3535.50139,2725.62921,2852.13261,158.90048,159.294078,62.6029074,62.8470332,-0.660200067,-0.66497995,1.43534791,1.43736926,-3.22670773,39.9410634,0.0377772314,1.00093696,-3.22023004,-3.22017513,-5.14571028,-5.14567345
0.1605,0,0,0,0,0,0,0,0,403.456249,403.503296,404.261904,404.264807,3463.74489,3534.2888,2726.80313,2853.402,158.858789,159.254403,62.5957119,62.8412539,-0.660787116,-0.665674189,1.43264224,1.43474819,-3.22113744,39.9409121,0.037864406,0.999262488,-3.21467112,-3.2146161,-5.14015013,-5.140113
0.161,0,0,0,0,0,0,0,0,403.460433,403.507332,404.266542,404.269443,3462.69277,3533.09003,2728.01953,2854.71215,158.817075,159.214692,62.5885866,62.8355424,-0.661377189,-0.666360531,1.42994401,1.43213333,-3.21556708,39.940761,0.0379511133,0.997581269,-3.20911227,-3.20905692,-5.13458994,-5.13455251
0.1615,0,0,0,0,0,0,0,0,403.464618,403.511367,404.271132,404.274032,3461.65571,3531.90755,2729.27812,2856.06276,158.775339,159.174947,62.581532,62.8298991,-0.661964462,-0.667044536,1.42725359,1.42952505,-3.20999665,39.9406102,0.0380373569,0.995893357,-3.20355339,-3.20349772,-5.12902972,-5.12899199
0.162,0,0,0,0,0,0,0,0,403.468801,403.515402,404.275674,404.278573,3460.6335,3530.74119,2730.5785,2857.45355,158.733583,159.135169,62.5745487,62.8243246,-0.662549036,-0.667726139,1.42457089,1.42692357,-3.20442615,39.9404597,0.0381231403,0.994198806,-3.19799448,-3.19793848,-5.12346946,-5.12343143
0.1625,0,0,0,0,0,0,0,0,403.472984,403.519436,404.280168,404.283064,3459.62594,3529.59075,2731.92034,2858.8842,158.691808,159.095361,62.5676373,62.8188194,-0.663130943,-0.668405347,1.42189628,1.4243291,-3.19885559,39.9403093,0.0382084671,0.992497665,-3.19243553,-3.19237921,-5.11790917,-5.11787084
0.163,0,0,0,0,0,0,0,0,403.477164,403.523469,404.284612,404.287506,3458.63005,3528.45605,2733.30332,2860.3544,158.650016,159.055522,62.5607984,62.8133841,-0.663704661,-0.66908216,1.41922998,1.42174184,-3.19328495,39.9401592,0.0382933411,0.99078999,-3.18687645,-3.18681991,-5.11234885,-5.11231022
0.1635,0,0,0,0,0,0,0,0,403.481343,403.527501,404.289007,404.291898,3457.65117,3527.33964,2734.72706,2861.86382,158.608207,159.015655,62.5540327,62.8080192,-0.664281516,-0.66976206,1.41657219,1.41916202,-3.18771425,39.9400094,0.0383777659,0.989075834,-3.18131744,-3.18126069,-5.10678849,-5.10674957
0.164,0,0,0,0,0,0,0,0,403.485519,403.53153,404.293352,404.296239,3456.68633,3526.23586,2736.19122,2863.41213,158.566383,158.975761,62.5473405,62.8027251,-0.664855752,-0.67043393,1.41392314,1.41658983,-3.18214349,39.9398598,0.038461745,0.987355249,-3.1757584,-3.17570133,-5.1012281,-5.10118888
0.1645,0,0,0,0,0,0,0,0,403.489692,403.535557,404.297646,404.300528,3455.73532,3525.14725,2737.69543,2864.99902,158.524545,158.93584,62.5407227,62.7975024,-0.665427479,-0.671103493,1.41128302,1.41402549,-3.17657266,39.9397104,0.0385452823,0.985628293,-3.17019933,-3.17014194,-5.09566768,-5.09562816
0.165,0,0,0,0,0,0,0,0,403.493861,403.53958,404.301888,404.304766,3454.79796,3524.07364,2739.23935,2866.62416,158.482695,158.895896,62.5341795,62.7923516,-0.665996734,-0.671770695,1.40865218,1.41146933,-3.17100177,39.9395613,0.0386283814,0.983895018,-3.16464023,-3.16458252,-5.09010722,-5.0900674
0.1655,0,0,0,0,0,0,0,0,403.498026,403.543599,404.306079,404.308952,3453.87129,3523.01484,2740.82256,2868.28717,158.440834,158.855928,62.5277117,62.7872732,-0.666558056,-0.67243555,1.40603053,1.40892127,-3.16543081,39.9394124,0.0387110461,0.982155482,-3.15908099,-3.15902306,-5.08454674,-5.08450662
0.166,0,0,0,0,0,0,0,0,403.502185,403.547614,404.310217,404.313084,3452.96061,3521.97066,2742.44469,2869.98772,158.398963,158.815937,62.5213197,62.7822675,-0.667122669,-0.673098069,1.40341841,1.40638165,-3.15985979,39.9392637,0.03879328,0.980409741,-3.15352183,-3.15346358,-5.07898622,-5.07894581
0.1665,0,0,0,0,0,0,0,0,403.506339,403.551623,404.314302,404.317164,3452.06298,3520.94093,2744.10539,2871.72547,158.357084,158.775927,62.5150041,62.7773351,-0.667684878,-0.673758266,1.40081603,1.40385067,-3.15428871,39.9391153,0.038875087,0.978657852,-3.14796264,-3.14790408,-5.07342568,-5.07338496
0.167,0,0,0,0,0,0,0,0,403.510483,403.555624,404.318334,404.321189,3451.17821,3519.92545,2745.80425,2873.50006,158.315197,158.735897,62.5087653,62.7724765,-0.668244789,-0.674416157,1.39822356,1.4013285,-3.14871757,39.9389671,0.0389564708,0.976899872,-3.14240342,-3.14234454,-5.0678651,-5.06782409
0.1675,0,0,0,0,0,0,0,0,403.514613,403.559611,404.322311,404.32516,3450.3061,3518.92686,2747.54088,2875.31114,158.273304,158.695848,62.502604,62.767692,-0.668802448,-0.675077379,1.39564121,1.39881535,-3.14314636,39.9388192,0.0390374351,0.975135859,-3.13684418,-3.13678508,-5.06230449,-5.06226318
0.168,0,0,0,0,0,0,0,0,403.518729,403.563583,404.326234,404.329077,3449.44375,3517.93936,2749.3149,2877.15834,158.231406,158.655783,62.4965204,62.7629821,-0.669352435,-0.675730534,1.39306914,1.3963114,-3.1375751,39.9386716,0.0391179839,0.973365871,-3.13128479,-3.13122549,-5.05674386,-5.05670225
0.1685,0,0,0,0,0,0,0,0,403.522825,403.567536,404.330102,404.332938,3448.5964,3516.96557,2751.12591,2879.04131,158.189505,158.615702,62.4905153,62.7583472,-0.669905892,-0.676381503,1.39050756,1.39381683,-3.13200378,39.9385242,0.0391981208,0.971589969,-3.12572549,-3.12566587,-5.05118319,-5.05114128
0.169,0,0,0,0,0,0,0,0,403.526901,403.571468,404.333915,404.336743,3447.76116,3516.00532,2752.97354,2880.95965,158.147601,158.575606,62.4845889,62.7537878,-0.670457167,-0.677030236,1.38795678,1.39133182,-3.1264324,39.9383771,0.0392778497,0.96980821,-3.12016616,-3.12010622,-5.0456225,-5.04558029
0.1695,0,0,0,0,0,0,0,0,403.530954,403.575374,404.337671,404.340492,3446.93784,3515.05842,2754.8573,2882.91302,158.105696,158.535497,62.4787418,62.7493042,-0.671006374,-0.67767676,1.38541667,1.38885654,-3.12086096,39.9382303,0.0393571744,0.968020656,-3.1146068,-3.11454654,-5.04006178,-5.04001927
0.17,0,0,0,0,0,0,0,0,403.53498,403.579254,404.341372,404.344185,3446.12625,3514.12471,2756.77684,2884.90104,158.06379,158.495376,62.4729745,62.7448968,-0.671553561,-0.678321097,1.38288757,1.38639132,-3.11528947,39.9380838,0.0394360987,0.966227367,-3.10904742,-3.10898684,-5.03450103,-5.03445823
0.1705,0,0,0,0,0,0,0,0,403.538978,403.583103,404.345015,404.347821,3445.32351,3513.20399,2758.73173,2886.9233,158.021885,158.455244,62.4672873,62.740566,-0.672093359,-0.67896327,1.38036964,1.38393604,-3.10971792,39.9379376,0.0395146264,0.964428403,-3.1034879,-3.10342712,-5.02894025,-5.02889715
0.171,0,0,0,0,0,0,0,0,403.542945,403.58692,404.348602,404.3514,3444.53484,3512.29611,2760.72156,2888.97942,157.979983,158.415103,62.4616807,62.7363122,-0.672636818,-0.679603302,1.37786305,1.38149101,-3.10414631,39.9377917,0.0395927613,0.962623826,-3.09792846,-3.09786737,-5.02337945,-5.02333605
0.1715,0,0,0,0,0,0,0,0,403.54688,403.590702,404.352131,404.35492,3443.75738,3511.40088,2762.74591,2891.06902,157.938083,158.374952,62.4561551,62.7321358,-0.67317834,-0.680241218,1.37536797,1.3790564,-3.09857465,39.937646,0.0396705074,0.960813699,-3.092369,-3.09230759,-5.01781861,-5.01777492
0.172,0,0,0,0,0,0,0,0,403.550779,403.594447,404.355602,404.358383,3442.99094,3510.51813,2764.80434,2893.1917,157.896188,158.334794,62.4507109,62.7280371,-0.67371804,-0.680877048,1.37288455,1.37663237,-3.09300294,39.9375007,0.0397478684,0.958998083,-3.08680951,-3.08674779,-5.01225776,-5.01221377
0.1725,0,0,0,0,0,0,0,0,403.554641,403.598152,404.359014,404.361788,3442.23535,3509.64769,2766.89645,2895.34708,157.854298,158.29463,62.4453485,62.7240163,-0.674255967,-0.681510822,1.37041296,1.37421908,-3.08743118,39.9373557,0.0398248482,0.957177042,-3.08125,-3.08118796,-5.00669688,-5.00665259
0.173,0,0,0,0,0,0,0,0,403.558465,403.601817,404.362368,404.365133,3441.48775,3508.78939,2769.02179,2897.53475,157.812414,158.254461,62.4400683,62.720074,-0.674786786,-0.682142568,1.36795335,1.37181669,-3.08185936,39.9372111,0.0399014506,0.955350639,-3.07569035,-3.07562811,-5.00113597,-5.00109138
0.1735,0,0,0,0,0,0,0,0,403.562248,403.60544,404.365663,404.36842,3440.75334,3507.94306,2771.17997,2899.75431,157.770538,158.214287,62.4348707,62.7162103,-0.675321487,-0.682772315,1.36550602,1.36942536,-3.0762875,39.9370667,0.0399776796,0.953518937,-3.07013079,-3.07006824,-4.99557503,-4.99553015
0.174,0,0,0,0,0,0,0,0,403.565989,403.609018,404.368899,404.371647,3440.02928,3507.10853,2773.37048,2902.00535,157.72867,158.174111,62.429756,62.7124256,-0.675854505,-0.683400095,1.36307083,1.36704524,-3.07071558,39.9369227,0.0400535389,0.951682002,-3.06457121,-3.06450834,-4.99001408,-4.9899689
0.1745,0,0,0,0,0,0,0,0,403.569686,403.612551,404.372075,404.374814,3439.3154,3506.28565,2775.59291,2904.28746,157.686811,158.133932,62.4247246,62.7087202,-0.676385955,-0.68402594,1.36064808,1.36467648,-3.06514361,39.9367789,0.0401290324,0.949839898,-3.0590116,-3.05894843,-4.9844531,-4.98440762
0.175,0,0,0,0,0,0,0,0,403.57334,403.616038,404.375191,404.377922,3438.61153,3505.47424,2777.84683,2906.60024,157.644963,158.093753,62.4197768,62.7050943,-0.676915887,-0.684649886,1.3582379,1.36231924,-3.0595716,39.9366356,0.0402041639,0.94799269,-3.05345197,-3.05338848,-4.97889209,-4.97884632
0.1755,0,0,0,0,0,0,0,0,403.576947,403.619477,404.378247,404.380969,3437.91485,3504.67414,2780.13179,2908.94327,157.603126,158.053573,62.4149129,62.7015483,-0.67743898,-0.685271964,1.35584044,1.35997366,-3.05399954,39.9364925,0.0402789373,0.946140444,-3.04789221,-3.04782852,-4.97333106,-4.973285
0.176,0,0,0,0,0,0,0,0,403.580508,403.622868,404.381242,404.383955,3437.23053,3503.88519,2782.44733,2911.31616,157.561301,158.013395,62.4101332,62.6980824,-0.677966199,-0.685892207,1.35345585,1.35764002,-3.04842743,39.9363498,0.0403533564,0.944283226,-3.04233253,-3.04226854,-4.96777001,-4.96772365
0.1765,0,0,0,0,0,0,0,0,403.584021,403.62621,404.384176,404.386881,3436.55577,3503.10724,2784.79302,2913.71842,157.51949,157.973219,62.4054381,62.6946968,-0.678491991,-0.68651065,1.35108426,1.35531819,-3.04285528,39.9362074,0.0404274251,0.942421103,-3.03677283,-3.03670853,-4.96220894,-4.96216229
0.177,0,0,0,0,0,0,0,0,403.587486,403.629502,404.38705,404.389746,3435.89039,3502.34012,2787.16839,2916.14968,157.477692,157.933046,62.4008279,62.6913918,-0.679016471,-0.68712733,1.3487258,1.35300845,-3.03728308,39.9360653,0.0405011472,0.940554141,-3.03121312,-3.03114851,-4.95664785,-4.9566009
0.1775,0,0,0,0,0,0,0,0,403.590902,403.632744,404.389862,404.392549,3435.23424,3501.58368,2789.57299,2918.60949,157.43591,157.892877,62.3963027,62.6881677,-0.67953969,-0.687742282,1.34638062,1.35071092,-3.03171084,39.9359236,0.0405745265,0.938682409,-3.02565338,-3.02558847,-4.95108673,-4.95103949
0.178,0,0,0,0,0,0,0,0,403.594268,403.635936,404.392612,404.395291,3434.58451,3500.83776,2792.00637,2921.09743,157.394144,157.852714,62.3918629,62.6850245,-0.680056319,-0.688355542,1.34404883,1.34842575,-3.02613855,39.9357821,0.0406475669,0.936805974,-3.02009351,-3.0200284,-4.9455256,-4.94547806
0.1785,0,0,0,0,0,0,0,0,403.597585,403.639077,404.395301,404.39797,3433.9464,3500.10221,2794.46809,2923.61308,157.352395,157.812557,62.3875088,62.6819626,-0.680577327,-0.688967146,1.34173071,1.34615307,-3.02056622,39.935641,0.0407202723,0.934924904,-3.01453374,-3.01446832,-4.93996444,-4.93991661
0.179,0,0,0,0,0,0,0,0,403.600851,403.642167,404.397927,404.400588,3433.31708,3499.37689,2796.95762,2926.15599,157.310663,157.772406,62.3832405,62.6789822,-0.681097159,-0.689577128,1.33942609,1.34389301,-3.01499386,39.9355003,0.0407926463,0.933039269,-3.00897394,-3.00890822,-4.93440326,-4.93435514
0.1795,0,0,0,0,0,0,0,0,403.604067,403.645206,404.400492,404.403143,3432.69643,3498.66164,2799.47454,2928.72573,157.26895,157.732264,62.3790583,62.6760833,-0.681615926,-0.690185528,1.33713524,1.34164569,-3.00942145,39.9353598,0.0408646928,0.931149137,-3.00341412,-3.0033481,-4.92884207,-4.92879365
0.18,0,0,0,0,0,0,0,0,403.607232,403.648195,404.402993,404.405636,3432.08428,3497.95632,2802.01837,2931.32187,157.227256,157.692131,62.3749624,62.6732662,-0.682133675,-0.690792382,1.33485829,1.33941125,-3.003849,39.9352197,0.0409364156,0.929254578,-2.99785429,-2.99778796,-4.92328085,-4.92323215
0.1805,0,0,0,0,0,0,0,0,403.610346,403.651132,404.405432,404.408066,3431.47783,3497.26077,2804.58866,2933.94396,157.185583,157.652007,62.3709531,62.6705311,-0.682645062,-0.691397724,1.33259534,1.33718979,-2.99827651,39.9350799,0.0410078185,0.927355662,-2.99229433,-2.99222781,-4.91771962,-4.91767062
0.181,0,0,0,0,0,0,0,0,403.613409,403.654019,404.407808,404.410433,3430.88231,3496.57487,2807.18492,2936.59156,157.143931,157.611894,62.3670304,62.667878,-0.683161084,-0.692001591,1.3303465,1.33498145,-2.99270399,39.9349405,0.0410789053,0.925452459,-2.98673446,-2.98666763,-4.91215837,-4.91210908
0.1815,0,0,0,0,0,0,0,0,403.616421,403.656854,404.410121,404.412736,3430.2949,3495.89846,2809.80668,2939.26423,157.1023,157.571793,62.3631946,62.6653072,-0.683676164,-0.692604017,1.3281119,1.33278634,-2.98713143,39.9348013,0.0411496797,0.923545041,-2.98117457,-2.98110745,-4.9065971,-4.90654752
0.182,0,0,0,0,0,0,0,0,403.619382,403.659639,404.41237,404.414976,3429.71547,3495.23142,2812.45348,2941.96152,157.060692,157.531705,62.3594459,62.6628187,-0.684190411,-0.693205039,1.32589164,1.33060457,-2.98155883,39.9346624,0.0412201455,0.921633477,-2.97561467,-2.97554724,-4.90103582,-4.90098595
0.1825,0,0,0,0,0,0,0,0,403.622292,403.662374,404.414556,404.417153,3429.14389,3494.57359,2815.12483,2944.68297,157.019108,157.491629,62.3557844,62.6604127,-0.684703869,-0.693804694,1.32368582,1.32843626,-2.9759862,39.9345239,0.0412903063,0.91971784,-2.97005475,-2.96998703,-4.89547452,-4.89542436
0.183,0,0,0,0,0,0,0,0,403.62515,403.665058,404.416677,404.419265,3428.57734,3493.92485,2817.82025,2947.42815,156.977547,157.451568,62.3522102,62.6580892,-0.685211164,-0.694403016,1.32149455,1.32628152,-2.97041354,39.9343857,0.041360166,0.917798202,-2.96449471,-2.96442679,-4.8899132,-4.88986275
0.1835,0,0,0,0,0,0,0,0,403.627957,403.667692,404.418735,404.421313,3428.02108,3493.28506,2820.53927,2950.1966,156.936012,157.411522,62.3487235,62.6558484,-0.685723337,-0.695000038,1.31931793,1.32414045,-2.96484084,39.9342478,0.0414297283,0.915874634,-2.95893476,-2.95886655,-4.88435187,-4.88430113
0.184,0,0,0,0,0,0,0,0,403.630713,403.670275,404.420728,404.423297,3427.47231,3492.65409,2823.28141,2952.98787,156.894502,157.371492,62.3453244,62.6536903,-0.686234781,-0.695595794,1.31715605,1.32201316,-2.95926811,39.9341102,0.0414989968,0.913947209,-2.95337479,-2.95330628,-4.87879053,-4.87873949
0.1845,0,0,0,0,0,0,0,0,403.633417,403.672809,404.422657,404.425217,3426.93089,3492.03181,2826.04622,2955.80152,156.853018,157.331479,62.342013,62.651615,-0.686745603,-0.696190318,1.31500915,1.31989989,-2.95369535,39.9339729,0.0415679752,0.912016001,-2.94781481,-2.94774601,-4.87322916,-4.87317785
0.185,0,0,0,0,0,0,0,0,403.63607,403.675292,404.424521,404.427071,3426.39672,3491.4181,2828.83314,2958.63705,156.811562,157.291483,62.3387894,62.6496226,-0.687255839,-0.696783645,1.31287704,1.31780047,-2.94812256,39.9338359,0.0416366672,0.910081082,-2.94225482,-2.94218572,-4.86766779,-4.86761618
0.1855,0,0,0,0,0,0,0,0,403.638672,403.677725,404.42632,404.428861,3425.86696,3490.81282,2831.64173,2961.49402,156.770133,157.251505,62.3356536,62.647713,-0.687760078,-0.697375805,1.31075995,1.31571512,-2.94254974,39.9336992,0.0417050765,0.908142526,-2.93669471,-2.93662542,-4.8621064,-4.86205451
0.186,0,0,0,0,0,0,0,0,403.641221,403.680109,404.428055,404.430585,3425.34693,3490.21586,2834.47151,2964.37198,156.728732,157.211547,62.3326058,62.6458863,-0.688269421,-0.697966829,1.30865797,1.31364394,-2.93697689,39.9335629,0.0417732066,0.906200407,-2.93113469,-2.93106511,-4.856545,-4.85649282
0.1865,0,0,0,0,0,0,0,0,403.64372,403.682442,404.429723,404.432244,3424.83381,3489.62709,2837.32198,2967.27047,156.687361,157.171608,62.329646,62.6441426,-0.688778223,-0.698556748,1.30657118,1.31158702,-2.93140402,39.9334268,0.0418410612,0.904254799,-2.92557466,-2.92550479,-4.85098359,-4.85093112
0.187,0,0,0,0,0,0,0,0,403.646167,403.684725,404.431327,404.433838,3424.32748,3489.04639,2840.19266,2970.18902,156.646019,157.13169,62.3267742,62.6424818,-0.689286584,-0.699145594,1.30449967,1.30954446,-2.92583112,39.933291,0.041908644,0.902305777,-2.92001462,-2.91994446,-4.84542217,-4.84536941
0.1875,0,0,0,0,0,0,0,0,403.648562,403.686958,404.432865,404.435365,3423.82784,3488.47364,2843.08305,2973.12718,156.604707,157.091793,62.3239905,62.640904,-0.689794533,-0.699733395,1.30244351,1.30751635,-2.92025819,39.9331555,0.0419759584,0.900353415,-2.91445457,-2.91438412,-4.83986073,-4.83980769
0.188,0,0,0,0,0,0,0,0,403.650905,403.68914,404.434336,404.436827,3423.33205,3487.90613,2845.99268,2976.08447,156.563427,157.051918,62.3212948,62.6394091,-0.690296618,-0.700314947,1.30040277,1.30550275,-2.91468524,39.9330203,0.042043008,0.898397788,-2.9088944,-2.90882366,-4.83429929,-4.83424597
0.1885,0,0,0,0,0,0,0,0,403.653195,403.691272,404.435742,404.438222,3422.84547,3487.34895,2848.92106,2979.06043,156.522177,157.012065,62.3186873,62.6379971,-0.690804009,-0.7009009,1.29837754,1.30350376,-2.90911227,39.9328855,0.0421097965,0.896438972,-2.90333433,-2.9032633,-4.82873783,-4.82868423
0.189,0,0,0,0,0,0,0,0,403.655433,403.693353,404.437082,404.439551,3422.36529,3486.79939,2851.86768,2982.0546,156.48096,156.972236,62.3161678,62.6366679,-0.691311013,-0.701485823,1.29636788,1.30151946,-2.90353927,39.9327509,0.0421763272,0.894477043,-2.89777425,-2.89770293,-4.82317637,-4.82312248
0.1895,0,0,0,0,0,0,0,0,403.657619,403.695383,404.438355,404.440813,3421.89138,3486.25733,2854.83206,2985.06651,156.439776,156.932431,62.3137364,62.6354216,-0.691817725,-0.702069807,1.29437386,1.29954992,-2.89796626,39.9326166,0.0422426038,0.892512075,-2.89221416,-2.89214255,-4.8176149,-4.81756072
0.19,0,0,0,0,0,0,0,0,403.659751,403.697361,404.439562,404.442009,3421.42366,3485.72266,2857.81372,2988.09569,156.398625,156.892651,62.311393,62.634258,-0.692324171,-0.702652875,1.29239554,1.29759522,-2.89239322,39.9324826,0.0423086298,0.890544146,-2.88665406,-2.88658217,-4.81205342,-4.81199896
0.1905,0,0,0,0,0,0,0,0,403.66183,403.699288,404.440701,404.443137,3420.95928,3485.19529,2860.81215,2991.14167,156.357507,156.852896,62.3091376,62.633177,-0.692824842,-0.703235052,1.290433,1.29565543,-2.88682016,39.9323489,0.0423744085,0.888573332,-2.88109385,-2.88102178,-4.80649193,-4.80643719
0.191,0,0,0,0,0,0,0,0,403.663856,403.701162,404.441774,404.444199,3420.50366,3484.67509,2863.82687,2994.20399,156.316424,156.813168,62.3069701,62.6321787,-0.693330999,-0.70381636,1.28848628,1.29373062,-2.88124709,39.9322155,0.0424399435,0.88659971,-2.87553374,-2.87546138,-4.80093043,-4.80087541
0.1915,0,0,0,0,0,0,0,0,403.665827,403.702984,404.44278,404.445193,3420.05395,3484.16198,2866.85738,2997.28218,156.275376,156.773465,62.3048904,62.6312628,-0.693836894,-0.70439682,1.28655545,1.29182085,-2.875674,39.9320824,0.0425052381,0.884623355,-2.86997362,-2.86990097,-4.79536893,-4.79531363
0.192,0,0,0,0,0,0,0,0,403.667744,403.704754,404.443719,404.446119,3419.61006,3483.65299,2869.90319,3000.37577,156.234363,156.733791,62.3028986,62.6304294,-0.694342616,-0.704970712,1.28464056,1.28992619,-2.87010089,39.9319495,0.0425702958,0.882644346,-2.86441349,-2.86434045,-4.78980742,-4.78975184
0.1925,0,0,0,0,0,0,0,0,403.669607,403.706469,404.44459,404.446979,3419.17191,3483.15373,2872.96382,3003.48428,156.193386,156.694144,62.3009944,62.6296782,-0.694848182,-0.705549717,1.28274167,1.2880467,-2.86452777,39.931817,0.04263512,0.880662759,-2.85885336,-2.85878004,-4.78424591,-4.78419004
0.193,0,0,0,0,0,0,0,0,403.671414,403.708131,404.445394,404.44777,3418.73662,3482.66127,2876.03876,3006.60725,156.152446,156.654525,62.2991778,62.6290091,-0.695348021,-0.706127867,1.28085882,1.28618245,-2.85895463,39.9316848,0.0426997139,0.878678672,-2.85329311,-2.85321962,-4.77868439,-4.77862825
0.1935,0,0,0,0,0,0,0,0,403.673165,403.709739,404.44613,404.448494,3418.30968,3482.17549,2879.12754,3009.74421,156.111542,156.614936,62.2974487,62.6284221,-0.695853499,-0.706705246,1.27899206,1.28433348,-2.85338148,39.9315529,0.042764081,0.876692163,-2.84773297,-2.8476592,-4.77312286,-4.77306644
0.194,0,0,0,0,0,0,0,0,403.674861,403.711292,404.446799,404.449149,3417.88824,3481.69631,2882.22967,3012.89468,156.070676,156.575376,62.2958069,62.6279168,-0.696358807,-0.707281869,1.27714159,1.28249985,-2.84780832,39.9314212,0.0428282246,0.87470331,-2.84217283,-2.84209877,-4.76756134,-4.76750464
0.1945,0,0,0,0,0,0,0,0,403.676499,403.712789,404.447399,404.449737,3417.4722,3481.22362,2885.34462,3016.0582,156.029848,156.535847,62.2942523,62.6274933,-0.696864026,-0.707857755,1.27530715,1.28068162,-2.84223515,39.9312899,0.0428921479,0.87271219,-2.83661268,-2.83653834,-4.76199981,-4.76194283
0.195,0,0,0,0,0,0,0,0,403.678081,403.714231,404.447932,404.450256,3417.06149,3480.75475,2888.47192,3019.23429,155.989058,156.496348,62.2927848,62.6271513,-0.697369167,-0.70842769,1.27348893,1.27887884,-2.83666197,39.9311588,0.0429558542,0.870718881,-2.83105253,-2.83097781,-4.75643828,-4.75638102
0.1955,0,0,0,0,0,0,0,0,403.679606,403.715616,404.448397,404.450707,3416.65322,3480.2948,2891.61108,3022.42249,155.948307,156.456881,62.2914041,62.6268906,-0.697868591,-0.709002307,1.27168697,1.27709155,-2.83108878,39.9310281,0.0430193466,0.868723463,-2.82549227,-2.82541738,-4.75087674,-4.75081921
0.196,0,0,0,0,0,0,0,0,403.681073,403.716945,404.448793,404.451089,3416.25294,3479.84109,2894.7616,3025.62233,155.907595,156.417446,62.2901101,62.626711,-0.698373782,-0.709576163,1.26990131,1.27531979,-2.82551558,39.9308976,0.0430826286,0.866726013,-2.81993211,-2.81985695,-4.74531521,-4.7452574
0.1965,0,0,0,0,0,0,0,0,403.682481,403.718216,404.449121,404.451403,3415.85777,3479.39353,2897.92301,3028.83332,155.866922,156.378043,62.2889027,62.6266123,-0.698878861,-0.710149334,1.26813197,1.27356362,-2.81994237,39.9307675,0.0431457031,0.86472661,-2.81437196,-2.81429651,-4.73975367,-4.73969559
0.197,0,0,0,0,0,0,0,0,403.683831,403.719429,404.449381,404.451649,3415.46764,3478.95203,2901.09481,3032.05501,155.82629,156.338673,62.2877815,62.6265944,-0.699383903,-0.710721831,1.26637898,1.27182307,-2.81436916,39.9306376,0.0432085733,0.862725332,-2.8088118,-2.80873608,-4.73419213,-4.73413378
0.1975,0,0,0,0,0,0,0,0,403.685121,403.720585,404.449573,404.451826,3415.08247,3478.51651,2904.27651,3035.28693,155.785698,156.299336,62.2867465,62.6266569,-0.699888913,-0.711293665,1.26464239,1.27009818,-2.80879594,39.930508,0.0432712425,0.86072226,-2.80325164,-2.80317565,-4.7286306,-4.72857197
0.198,0,0,0,0,0,0,0,0,403.686352,403.721681,404.449696,404.451938,3414.69935,3478.08391,2907.46763,3038.5286,155.745147,156.260034,62.2857973,62.6267996,-0.700388181,-0.711858824,1.2629222,1.26838583,-2.80322272,39.9303788,0.0433337136,0.858717471,-2.79769138,-2.7976151,-4.72306906,-4.72301016
0.1985,0,0,0,0,0,0,0,0,403.687521,403.722717,404.44975,404.451989,3414.32391,3477.66012,2910.66767,3041.7797,155.704637,156.220766,62.2849338,62.6270217,-0.700893345,-0.712429499,1.26121851,1.26668412,-2.7976495,39.9302498,0.0433959887,0.856711046,-2.79213122,-2.79205468,-4.71750753,-4.71744836
0.199,0,0,0,0,0,0,0,0,403.688631,403.723692,404.449736,404.45198,3413.95323,3477.24208,2913.87615,3045.03995,155.664168,156.181532,62.2841556,62.6273219,-0.701398442,-0.712999421,1.25953137,1.26499182,-2.79207627,39.9301211,0.0434580695,0.854703066,-2.78657107,-2.78649425,-4.71194599,-4.71188655
0.1995,0,0,0,0,0,0,0,0,403.689678,403.724607,404.449653,404.451911,3413.58727,3476.8297,2917.09258,3048.30909,155.623742,156.142334,62.2834624,62.6276991,-0.70190355,-0.713568661,1.25786086,1.26330795,-2.78650305,39.9299928,0.0435199576,0.852693612,-2.78101092,-2.78093383,-4.70638447,-4.70632475
0.2,0,0,0,0,0,0,0,0,403.690664,403.725461,404.4495,404.451785,3413.22594,3476.42292,2920.31646,3051.58689,155.583358,156.103172,62.282854,62.6281517,-0.702408674,-0.714137212,1.25620703,1.26163181,-2.78092982,39.9298647,0.0435816542,0.850682766,-2.77545077,-2.77537341,-4.70082294,-4.70076296
0.2005,0,0,0,0,0,0,0,0,403.691587,403.726252,404.449279,404.451601,3412.86632,3476.01885,2923.54732,3054.87315,155.543017,156.064046,62.2823301,62.6286784,-0.702908024,-0.714699439,1.25456996,1.25996289,-2.7753566,39.9297369,0.0436431604,0.848670609,-2.76989051,-2.76981289,-4.69526142,-4.69520117
0.201,0,0,0,0,0,0,0,0,403.692447,403.726981,404.448988,404.451359,3412.51411,3475.62302,2926.78465,3058.16766,155.502719,156.024957,62.2818902,62.6292775,-0.703413364,-0.715266767,1.25294968,1.25830087,-2.76978338,39.9296094,0.0437044771,0.846657223,-2.76433037,-2.76425248,-4.6896999,-4.68963938
0.2015,0,0,0,0,0,0,0,0,403.693245,403.727647,404.448628,404.451061,3412.16637,3475.23256,2930.02797,3061.47023,155.462465,155.985904,62.2815342,62.6299474,-0.703918655,-0.71583332,1.25134625,1.25664555,-2.76421016,39.9294822,0.0437656053,0.84464269,-2.75877024,-2.75869207,-4.68413839,-4.6840776
0.202,0,0,0,0,0,0,0,0,403.693978,403.72825,404.448198,404.450705,3411.82305,3474.8474,2933.27679,3064.78068,155.422254,155.946889,62.2812617,62.6306866,-0.704423966,-0.716399159,1.2497597,1.25499686,-2.75863695,39.9293554,0.0438265457,0.842627092,-2.75321011,-2.75313167,-4.67857688,-4.67851583
0.2025,0,0,0,0,0,0,0,0,403.694648,403.72879,404.447699,404.450291,3411.48408,3474.46748,2936.53062,3068.09883,155.382087,155.907913,62.2810724,62.6314933,-0.704929296,-0.716964277,1.24819007,1.25335481,-2.75306374,39.9292288,0.043887299,0.840610511,-2.74764998,-2.74757128,-4.67301538,-4.67295407
0.203,0,0,0,0,0,0,0,0,403.695253,403.729266,404.44713,404.449819,3411.14652,3474.08963,2939.78897,3071.42449,155.341965,155.868974,62.2809658,62.632366,-0.705428795,-0.717522489,1.24663737,1.25171949,-2.74749054,39.9291025,0.043947866,0.838593029,-2.74208975,-2.74201078,-4.66745389,-4.66739231
0.2035,0,0,0,0,0,0,0,0,403.695793,403.729677,404.446492,404.449289,3410.81613,3473.71995,2943.05134,3074.75747,155.301887,155.830074,62.2809418,62.6333029,-0.705934325,-0.718086326,1.24510162,1.25009103,-2.74191735,39.9289765,0.0440082473,0.836574729,-2.73652964,-2.7364504,-4.66189241,-4.66183056
0.204,0,0,0,0,0,0,0,0,403.696268,403.730024,404.445784,404.4487,3410.48995,3473.3553,2946.31727,3078.09758,155.261855,155.791213,62.2809998,62.6343024,-0.706439786,-0.71864934,1.24358283,1.24846963,-2.73634417,39.9288508,0.0440684435,0.834555693,-2.73096954,-2.73089004,-4.65633093,-4.65626882
0.2045,0,0,0,0,0,0,0,0,403.696678,403.730305,404.445011,404.448052,3410.16793,3472.99561,2949.58626,3081.44462,155.221868,155.752392,62.2811395,62.635363,-0.70694523,-0.719211603,1.24207794,1.2468555,-2.73077099,39.9287255,0.0441284554,0.832536003,-2.72540944,-2.72532968,-4.65076946,-4.6507071
0.205,0,0,0,0,0,0,0,0,403.697022,403.730522,404.444175,404.447343,3409.85003,3472.63817,2952.85796,3084.7984,155.181926,155.71361,62.2813599,62.6364831,-0.707450627,-0.719767812,1.24058468,1.24524896,-2.72519783,39.9286004,0.0441882844,0.830515742,-2.71984936,-2.71976923,-4.645208,-4.64514538
0.2055,0,0,0,0,0,0,0,0,403.697299,403.730672,404.443279,404.446573,3409.53327,3472.28821,2956.13209,3088.15868,155.142031,155.674868,62.2816597,62.637661,-0.707950056,-0.720328736,1.23910167,1.24365031,-2.71962468,39.9284756,0.0442479326,0.828494993,-2.71428917,-2.71420889,-4.63964655,-4.63958367
0.206,0,0,0,0,0,0,0,0,403.697509,403.730757,404.442324,404.445741,3409.22345,3471.94302,2959.4084,3091.52525,155.102182,155.636167,62.2820374,62.6388952,-0.708455476,-0.720888836,1.23762783,1.24205989,-2.71405154,39.9283512,0.0443074023,0.826473841,-2.7087291,-2.70864856,-4.63408512,-4.63402198
0.2065,0,0,0,0,0,0,0,0,403.697652,403.730774,404.44131,404.444846,3408.91763,3471.60254,2962.68666,3094.89788,155.062379,155.597507,62.2824915,62.6401843,-0.708960712,-0.721448169,1.23616236,1.24047806,-2.70847842,39.928227,0.0443666959,0.824452371,-2.70316904,-2.70308825,-4.62852369,-4.6284603
0.207,0,0,0,0,0,0,0,0,403.697728,403.730726,404.440239,404.443889,3408.61574,3471.26393,2965.96666,3098.27633,155.022623,155.558888,62.2830201,62.6415266,-0.709465812,-0.722001103,1.23470467,1.23890514,-2.70290532,39.9281031,0.0444258159,0.822430665,-2.697609,-2.69752783,-4.62296228,-4.62289863
0.2075,0,0,0,0,0,0,0,0,403.697736,403.73061,404.439111,404.442868,3408.31774,3470.9327,2969.24822,3101.66033,154.982913,155.520311,62.2836217,62.6429209,-0.709970748,-0.722559052,1.23325438,1.23734149,-2.69733223,39.9279796,0.044484765,0.820408809,-2.69204896,-2.69196754,-4.61740088,-4.61733698
0.208,0,0,0,0,0,0,0,0,403.697676,403.730427,404.437926,404.441782,3408.02061,3470.60602,2972.53115,3105.04963,154.943251,155.481775,62.2842943,62.6443656,-0.710469509,-0.723116143,1.23181124,1.23578743,-2.69175916,39.9278563,0.044543546,0.818386886,-2.68648883,-2.68640727,-4.61183949,-4.61177534
0.2085,0,0,0,0,0,0,0,0,403.697548,403.730176,404.436683,404.44063,3407.73027,3470.28383,2975.81527,3108.44396,154.903637,155.443282,62.2850361,62.6458595,-0.710974223,-0.723672433,1.23037515,1.23424331,-2.6861861,39.9277334,0.0446021616,0.816364981,-2.68092882,-2.680847,-4.60627811,-4.60621371
0.209,0,0,0,0,0,0,0,0,403.697352,403.729859,404.435384,404.439414,3407.4437,3469.96315,2979.10042,3111.84303,154.86407,155.404831,62.2858453,62.6474012,-0.711478626,-0.724222012,1.22894606,1.23270942,-2.68061307,39.9276107,0.0446606147,0.814343177,-2.67536883,-2.67528664,-4.60071676,-4.60065211
0.2095,0,0,0,0,0,0,0,0,403.697087,403.729473,404.434027,404.438131,3407.16086,3469.64977,2982.38642,3115.24656,154.824551,155.366423,62.2867201,62.6489894,-0.71198276,-0.724776842,1.22752406,1.23118609,-2.67504006,39.9274884,0.0447189079,0.812321559,-2.66980885,-2.66972641,-4.59515541,-4.59509051
0.21,0,0,0,0,0,0,0,0,403.696755,403.72902,404.432611,404.436781,3406.88171,3469.34073,2985.6731,3118.65426,154.78508,155.328058,62.2876585,62.650623,-0.712486595,-0.725330763,1.22610926,1.2296736,-2.66946707,39.9273664,0.044777044,0.810300211,-2.66424888,-2.66416619,-4.58959409,-4.58952894
0.2105,0,0,0,0,0,0,0,0,403.696354,403.728499,404.431138,404.435364,3406.60317,3469.03597,2988.96026,3122.0658,154.745657,155.289737,62.2886589,62.6523005,-0.712984006,-0.725883833,1.22470183,1.22817225,-2.6638941,39.9272446,0.0448350258,0.808279215,-2.65868882,-2.65860599,-4.58403278,-4.58396739
0.211,0,0,0,0,0,0,0,0,403.695884,403.72791,404.429605,404.43388,3406.33129,3468.7324,2992.24774,3125.48089,154.706283,155.251459,62.2897194,62.654021,-0.713487353,-0.726429899,1.22330198,1.2266823,-2.65832116,39.9271232,0.0448928559,0.806258657,-2.65312888,-2.65304568,-4.57847148,-4.57840585
0.2115,0,0,0,0,0,0,0,0,403.695345,403.727252,404.428012,404.432327,3406.06298,3468.43606,2995.53534,3128.8992,154.666957,155.213225,62.2908382,62.6557833,-0.713990246,-0.7269814,1.22190995,1.22520403,-2.65274824,39.9270021,0.0449505369,0.804238618,-2.64756897,-2.64748552,-4.57291021,-4.57284433
0.212,0,0,0,0,0,0,0,0,403.694738,403.726527,404.42636,404.430707,3405.79822,3468.14386,2998.82286,3132.32041,154.62768,155.175036,62.2920137,62.6575862,-0.714492728,-0.727531924,1.220526,1.22373767,-2.64717535,39.9268813,0.0450080714,0.802219181,-2.64200907,-2.64192537,-4.56734895,-4.56728283
0.2125,0,0,0,0,0,0,0,0,403.694063,403.725734,404.424647,404.429018,3405.53696,3467.85576,3002.1101,3135.74417,154.588453,155.136891,62.2932441,62.6594286,-0.714994771,-0.72808153,1.2191504,1.22228347,-2.64160249,39.9267608,0.0450654618,0.800200431,-2.63644919,-2.63636524,-4.56178772,-4.56172136
0.213,0,0,0,0,0,0,0,0,403.693318,403.724873,404.422872,404.427261,3405.27607,3467.56855,3005.39683,3139.17017,154.549274,155.098791,62.2945278,62.6613096,-0.715490115,-0.728623844,1.21778344,1.22084166,-2.63602966,39.9266406,0.0451227105,0.798182449,-2.63088921,-2.63080501,-4.5562265,-4.5561599
0.2135,0,0,0,0,0,0,0,0,403.692505,403.723943,404.421036,404.425436,3405.02172,3467.2885,3008.68285,3142.59804,154.510146,155.060736,62.2958632,62.663228,-0.715991384,-0.729171741,1.21642541,1.21941246,-2.63045685,39.9265207,0.0451798199,0.796165319,-2.62532937,-2.62524492,-4.55066531,-4.55059847
0.214,0,0,0,0,0,0,0,0,403.691623,403.722946,404.419137,404.423541,3404.77077,3467.01242,3011.96791,3146.02744,154.471066,155.022726,62.2972487,62.665183,-0.716492049,-0.729718577,1.21507659,1.21799608,-2.62488408,39.9264011,0.0452367923,0.794149121,-2.61976954,-2.61968485,-4.54510413,-4.54503705
0.2145,0,0,0,0,0,0,0,0,403.690673,403.721881,404.417175,404.421578,3404.52321,3466.74026,3015.25178,3149.45802,154.432037,154.984762,62.2986828,62.6671734,-0.716992157,-0.73026441,1.21373729,1.21659272,-2.61931134,39.9262818,0.0452936297,0.792133939,-2.61420974,-2.6141248,-4.53954298,-4.53947567
0.215,0,0,0,0,0,0,0,0,403.689654,403.720747,404.41515,404.419546,3404.27898,3466.46871,3018.53422,3152.8894,154.393057,154.946844,62.300164,62.6691984,-0.717491677,-0.730802663,1.21240778,1.21520257,-2.61373863,39.9261628,0.0453503344,0.790119855,-2.60864996,-2.60856465,-4.53398185,-4.5339143
0.2155,0,0,0,0,0,0,0,0,403.688567,403.719546,404.413062,404.417446,3404.03488,3466.20427,3021.81497,3156.32124,154.354128,154.908972,62.3016909,62.671257,-0.717984199,-0.731346617,1.21108837,1.21382581,-2.60816595,39.9260441,0.0454069083,0.78810695,-2.60309008,-2.60300464,-4.52842075,-4.52835296
0.216,0,0,0,0,0,0,0,0,403.687411,403.718278,404.410909,404.415277,3403.79724,3465.94363,3025.09376,3159.75316,154.315249,154.871146,62.3032621,62.6733483,-0.718482642,-0.731889415,1.20977932,1.21246263,-2.60259331,39.9259257,0.0454633535,0.786095305,-2.59753034,-2.59744466,-4.52285967,-4.52279165
0.2165,0,0,0,0,0,0,0,0,403.686187,403.716941,404.408692,404.413039,3403.56285,3465.68676,3028.37034,3163.18478,154.27642,154.833367,62.3048761,62.6754715,-0.718980326,-0.732431112,1.20848092,1.21111318,-2.59702071,39.9258076,0.0455196718,0.784085002,-2.59197062,-2.5918847,-4.51729861,-4.51723036
0.217,0,0,0,0,0,0,0,0,403.684894,403.715538,404.40641,404.410733,3403.33169,3465.43025,3031.64441,3166.61574,154.237642,154.795634,62.3065316,62.6776257,-0.719477297,-0.732964938,1.20719342,1.20977763,-2.59144814,39.9256898,0.045575865,0.782076122,-2.58641093,-2.58632464,-4.51173758,-4.51166909
0.2175,0,0,0,0,0,0,0,0,403.683534,403.714066,404.404063,404.40836,3403.10371,3465.18079,3034.9157,3170.04564,154.198915,154.757948,62.3082274,62.67981,-0.719973521,-0.733504558,1.2059171,1.20845613,-2.58587562,39.9255723,0.0456319348,0.780068746,-2.58085127,-2.58076473,-4.50617658,-4.50610786
0.218,0,0,0,0,0,0,0,0,403.682106,403.712528,404.401652,404.405918,3402.87566,3464.93498,3038.18391,3173.47411,154.160239,154.720309,62.3099622,62.6820236,-0.720462437,-0.734042913,1.2046522,1.20714882,-2.58030313,39.925455,0.045687883,0.778062954,-2.5752915,-2.57520485,-4.5006156,-4.50054665
0.2185,0,0,0,0,0,0,0,0,403.680609,403.710923,404.399175,404.403408,3402.65398,3464.69278,3041.44875,3176.90076,154.121613,154.682718,62.3117348,62.6842656,-0.720957268,-0.734580059,1.20339896,1.20585585,-2.57473068,39.9253381,0.0457437112,0.776058827,-2.56973188,-2.56964499,-4.49505465,-4.49498547
0.219,0,0,0,0,0,0,0,0,403.679045,403.709251,404.396632,404.400831,3402.43542,3464.45073,3044.70992,3180.3252,154.083039,154.645174,62.3135439,62.6865354,-0.721451177,-0.735109044,1.20215761,1.20457734,-2.56915827,39.9252215,0.0457994209,0.774056444,-2.56417229,-2.56408503,-4.48949372,-4.48942432
0.2195,0,0,0,0,0,0,0,0,403.677414,403.707512,404.394024,404.398187,3402.21995,3464.21566,3047.96709,3183.74703,154.044517,154.607678,62.3153883,62.6888322,-0.721944206,-0.735643888,1.2009284,1.20331342,-2.56358591,39.9251051,0.0458550136,0.772055887,-2.55861272,-2.55852523,-4.48393283,-4.48386319
0.22,0,0,0,0,0,0,0,0,403.675715,403.705706,404.391351,404.395475,3402.00488,3463.98411,3051.21997,3187.16587,154.006045,154.57023,62.3172671,62.6911551,-0.722430987,-0.736177351,1.19971152,1.2020642,-2.55801359,39.9249891,0.0459104906,0.770057234,-2.55305308,-2.55296545,-4.47837196,-4.4783021
0.2205,0,0,0,0,0,0,0,0,403.673949,403.703835,404.388612,404.392697,3401.7955,3463.7534,3054.46821,3190.58131,153.967626,154.53283,62.319179,62.6935034,-0.722922316,-0.736704188,1.19850719,1.20082981,-2.55244131,39.9248733,0.0459658535,0.768060564,-2.54749357,-2.54740561,-4.47281113,-4.47274104
0.221,0,0,0,0,0,0,0,0,403.672115,403.701897,404.385807,404.389853,3401.58914,3463.52877,3057.71151,3193.99296,153.929258,154.495478,62.321123,62.6958764,-0.723412599,-0.737235117,1.19731561,1.19961035,-2.54686908,39.9247578,0.0460211034,0.766065958,-2.54193409,-2.54184589,-4.46725032,-4.46718001
0.2215,0,0,0,0,0,0,0,0,403.670215,403.699893,404.382938,404.386943,3401.38576,3463.30757,3060.94952,3197.40038,153.890941,154.458174,62.323098,62.6982733,-0.723901865,-0.737764588,1.19613696,1.19840578,-2.54129689,39.9246426,0.0460762415,0.764073494,-2.53637464,-2.5362862,-4.46168955,-4.46161901
0.222,0,0,0,0,0,0,0,0,403.668249,403.697823,404.380003,404.383967,3401.18264,3463.08706,3064.18191,3200.80323,153.852677,154.420919,62.325103,62.7006935,-0.724384644,-0.738287247,1.19497143,1.19721648,-2.53572475,39.9245276,0.0461312692,0.762083251,-2.53081511,-2.53072644,-4.4561288,-4.45605804
0.2225,0,0,0,0,0,0,0,0,403.666215,403.695688,404.377003,404.380926,3400.98516,3462.87259,3067.40835,3204.20108,153.814465,154.383713,62.3271371,62.7031363,-0.724871936,-0.738813998,1.1938192,1.1960424,-2.53015267,39.9244129,0.0461861875,0.760095308,-2.52525571,-2.52516681,-4.45056809,-4.45049711
0.223,0,0,0,0,0,0,0,0,403.664116,403.693487,404.373938,404.377819,3400.7906,3462.66145,3070.62847,3207.59352,153.776305,154.346556,62.3291992,62.705601,-0.725358036,-0.739339191,1.19268042,1.19488362,-2.52458063,39.9242986,0.0462409974,0.758109741,-2.51969635,-2.51960722,-4.44500742,-4.44493621
0.2235,0,0,0,0,0,0,0,0,403.66195,403.691221,404.370809,404.374648,3400.59895,3462.45088,3073.84195,3210.98014,153.738198,154.309448,62.3312884,62.7080869,-0.725842979,-0.739857382,1.19155526,1.19374023,-2.51900864,39.9241844,0.0462957,0.75612663,-2.51413702,-2.51404755,-4.43944677,-4.43937534
0.224,0,0,0,0,0,0,0,0,403.659719,403.68889,404.367615,404.371412,3400.40741,3462.24629,3077.04841,3214.36053,153.700142,154.272389,62.3334037,62.7105934,-0.726321187,-0.740379657,1.19044386,1.1926123,-2.5134367,39.9240706,0.0463502962,0.754146052,-2.50857761,-2.50848802,-4.43388616,-4.43381451
0.2245,0,0,0,0,0,0,0,0,403.657421,403.686494,404.364357,404.368112,3400.22148,3462.04494,3080.24752,3217.73429,153.66214,154.235379,62.3355444,62.7131198,-0.72680387,-0.740900272,1.18934637,1.1914999,-2.50786481,39.923957,0.046404787,0.752168085,-2.50301834,-2.50292852,-4.42832558,-4.42825372
0.225,0,0,0,0,0,0,0,0,403.655058,403.684033,404.361035,404.364749,3400.03839,3461.84404,3083.4389,3221.101,153.62419,154.198419,62.3377094,62.7156654,-0.727285217,-0.741413696,1.18826291,1.19040311,-2.50229298,39.9238437,0.0464591733,0.750192805,-2.49745911,-2.49736895,-4.42276504,-4.42269296
0.2255,0,0,0,0,0,0,0,0,403.65263,403.681508,404.357649,404.361322,3399.85811,3461.64908,3086.62221,3224.46025,153.586292,154.161509,62.339898,62.7182297,-0.72776526,-0.741931187,1.18719362,1.18932197,-2.49672121,39.9237307,0.0465134558,0.74822029,-2.4918999,-2.49180951,-4.41720454,-4.41713223
0.226,0,0,0,0,0,0,0,0,403.650137,403.678918,404.3542,404.357831,3399.67782,3461.45727,3089.79704,3227.81163,153.548448,154.124648,62.3421092,62.720812,-0.728238311,-0.742446914,1.18613847,1.18825655,-2.49114949,39.9236179,0.0465676353,0.746250616,-2.48634063,-2.48625012,-4.41164407,-4.41157155
0.2265,0,0,0,0,0,0,0,0,403.647579,403.676265,404.350688,404.354278,3399.50311,3461.26578,3092.96308,3231.15473,153.510656,154.087837,62.3443423,62.7234117,-0.728715799,-0.742955263,1.18509785,1.1872069,-2.48557782,39.9235054,0.0466217126,0.744283858,-2.48078149,-2.48069065,-4.40608364,-4.4060109
0.227,0,0,0,0,0,0,0,0,403.644956,403.673547,404.347113,404.350663,3399.33116,3461.0802,3096.11995,3234.48914,153.472917,154.051077,62.3465965,62.7260282,-0.7291918,-0.743467655,1.18407174,1.18617307,-2.48000622,39.9233931,0.0466756883,0.742320095,-2.47522239,-2.47513132,-4.40052324,-4.40045029
0.2275,0,0,0,0,0,0,0,0,403.642268,403.670766,404.343475,404.346985,3399.16195,3460.8977,3099.26726,3237.81444,153.435232,154.014366,62.3488709,62.7286609,-0.729666344,-0.743978171,1.18306023,1.18515509,-2.47443467,39.9232811,0.0467295632,0.740359399,-2.46966333,-2.46957204,-4.39496289,-4.39488972
0.228,0,0,0,0,0,0,0,0,403.639517,403.667921,404.339776,404.343245,3398.99259,3460.71539,3102.40466,3241.13023,153.397599,153.977706,62.3511648,62.7313092,-0.730133638,-0.744481127,1.1820634,1.18415302,-2.46886318,39.9231693,0.0467833378,0.738401848,-2.46410419,-2.46401268,-4.38940257,-4.38932919
0.2285,0,0,0,0,0,0,0,0,403.636701,403.665012,404.336015,404.339443,3398.8288,3460.53895,3105.53175,3244.43608,153.36002,153.941096,62.3534774,62.7339726,-0.730605327,-0.744988098,1.18108136,1.18316688,-2.46329175,39.9230579,0.0468370127,0.736447517,-2.4585452,-2.45845346,-4.38384229,-4.38376869
0.229,0,0,0,0,0,0,0,0,403.633821,403.662041,404.332192,404.33558,3398.6677,3460.36552,3108.64817,3247.73159,153.322494,153.904537,62.355808,62.7366505,-0.731075372,-0.745493082,1.18011416,1.18219671,-2.45772038,39.9229466,0.0468905885,0.734496479,-2.45298625,-2.45289429,-4.37828206,-4.37820824
0.2295,0,0,0,0,0,0,0,0,403.630878,403.659007,404.328308,404.331656,3398.50927,3460.19217,3111.75354,3251.01634,153.285022,153.868029,62.3581558,62.7393422,-0.731543806,-0.745990317,1.1791619,1.18124253,-2.45214908,39.9228356,0.0469440657,0.732548809,-2.44742733,-2.44733504,-4.37272186,-4.37264783
0.23,0,0,0,0,0,0,0,0,403.627871,403.65591,404.324363,404.327671,3398.35057,3460.02465,3114.84748,3254.28993,153.247603,153.831571,62.3605202,62.7420473,-0.732004724,-0.746491537,1.17822463,1.18030436,-2.44657784,39.9227249,0.0469974447,0.730604581,-2.44186834,-2.44177594,-4.3671617,-4.36708746
0.2305,0,0,0,0,0,0,0,0,403.624801,403.65275,404.320358,404.323626,3398.19743,3459.86006,3117.92962,3257.55191,153.210237,153.795164,62.3629005,62.7447652,-0.732469994,-0.74699066,1.17730241,1.17938209,-2.44100666,39.9226144,0.047050726,0.728663869,-2.43630951,-2.43621688,-4.36160159,-4.36152714
0.231,0,0,0,0,0,0,0,0,403.621668,403.649528,404.316293,404.31952,3398.0469,3459.69545,3120.99957,3260.80193,153.172925,153.758808,62.3652958,62.7474953,-0.732933463,-0.747481847,1.17639531,1.17847601,-2.43543555,39.9225041,0.0471039099,0.726726747,-2.43075071,-2.43065775,-4.35604151,-4.35596686
0.2315,0,0,0,0,0,0,0,0,403.618473,403.646244,404.312168,404.315355,3397.89899,3459.53663,3124.05696,3264.03956,153.135667,153.722503,62.3677057,62.7502372,-0.733395166,-0.747976982,1.17550337,1.17758599,-2.42986451,39.9223942,0.0471569968,0.724793286,-2.42519195,-2.42509877,-4.35048148,-4.35040662
0.232,0,0,0,0,0,0,0,0,403.615215,403.642898,404.307983,404.31113,3397.75068,3459.38068,3127.10141,3267.26438,153.098463,153.68625,62.3701293,62.7529902,-0.733849079,-0.748469908,1.17462663,1.17671204,-2.42429353,39.9222844,0.0472099871,0.72286356,-2.41963312,-2.41953984,-4.3449215,-4.34484642
0.2325,0,0,0,0,0,0,0,0,403.611895,403.639491,404.30374,404.306845,3397.60792,3459.2246,3130.13253,3270.47599,153.061313,153.650047,62.3725661,62.7557538,-0.734307305,-0.748954718,1.17376514,1.17585416,-2.41872262,39.9221749,0.047262881,0.720937641,-2.41407444,-2.41398083,-4.33936155,-4.33928627
0.233,0,0,0,0,0,0,0,0,403.608512,403.636021,404.299437,404.302501,3397.46773,3459.07429,3133.14995,3273.67399,153.024216,153.613896,62.3750154,62.7585276,-0.73476357,-0.74944343,1.17291893,1.17501236,-2.41315178,39.9220656,0.0473156787,0.719015601,-2.40851581,-2.40842198,-4.33380166,-4.33372617
0.2335,0,0,0,0,0,0,0,0,403.605068,403.632491,404.295077,404.298098,3397.33007,3458.92676,3136.15329,3276.85796,152.987173,153.577797,62.3774766,62.761311,-0.735217908,-0.749929819,1.17208802,1.17418663,-2.40758101,39.9219566,0.0473683805,0.717097511,-2.40295722,-2.40286317,-4.3282418,-4.3281661
0.234,0,0,0,0,0,0,0,0,403.601563,403.6289,404.290658,404.293637,3397.19192,3458.77902,3139.14217,3280.0275,152.950185,153.541749,62.379949,62.7641034,-0.735664186,-0.750407916,1.17127245,1.17337696,-2.40201031,39.9218478,0.0474209867,0.715183442,-2.39739855,-2.39730429,-4.32268199,-4.32260609
0.2345,0,0,0,0,0,0,0,0,403.597996,403.625248,404.286181,404.289117,3397.05931,3458.637,3142.1162,3283.18222,152.91325,153.505752,62.382432,62.7669044,-0.736114735,-0.750889869,1.17047223,1.17258334,-2.39643968,39.9217392,0.0474734973,0.713273465,-2.39184004,-2.39174557,-4.31712223,-4.31704612
0.235,0,0,0,0,0,0,0,0,403.594369,403.621535,404.281647,404.28454,3396.92921,3458.49772,3145.07502,3286.32171,152.87637,153.469808,62.3849251,62.7697135,-0.73656316,-0.751369382,1.16968737,1.17180577,-2.39086912,39.9216309,0.0475259124,0.71136765,-2.38628158,-2.3861869,-4.31156252,-4.3114862
0.2355,0,0,0,0,0,0,0,0,403.59068,403.617763,404.277056,404.279904,3396.80159,3458.35811,3148.01824,3289.44557,152.839544,153.433915,62.3874276,62.7725301,-0.7370095,-0.751840427,1.16891789,1.17104422,-2.38529864,39.9215228,0.0475782323,0.709466066,-2.38072316,-2.38062815,-4.30600285,-4.30592633
0.236,0,0,0,0,0,0,0,0,403.586932,403.61393,404.272408,404.275212,3396.67336,3458.22421,3150.94546,3292.55341,152.802772,153.398074,62.3899389,62.7753538,-0.737447503,-0.75231528,1.16816365,1.17029867,-2.37972824,39.921415,0.047630457,0.707568785,-2.37516467,-2.37506956,-4.30044323,-4.30036651
0.2365,0,0,0,0,0,0,0,0,403.583123,403.610038,404.267704,404.270462,3396.55068,3458.09297,3153.85636,3295.64483,152.766054,153.362285,62.3924585,62.7781841,-0.737889737,-0.752787579,1.16742493,1.16956911,-2.3741579,39.9213074,0.0476825865,0.705675873,-2.36960635,-2.36951103,-4.29488366,-4.29480673
0.237,0,0,0,0,0,0,0,0,403.579254,403.606086,404.262944,404.265655,3396.43046,3457.96133,3156.75054,3298.71944,152.72939,153.326548,62.3949858,62.7810204,-0.738329688,-0.75325124,1.16670159,1.16885549,-2.36858765,39.9212,0.0477346209,0.7037874,-2.36404806,-2.36395242,-4.28932413,-4.28924701
0.2375,0,0,0,0,0,0,0,0,403.575326,403.602075,404.258127,404.260792,3396.31266,3457.83535,3159.62762,3301.77685,152.692781,153.290863,62.3975202,62.7838624,-0.738767395,-0.753718652,1.16599363,1.1681578,-2.36301747,39.9210928,0.0477865602,0.701903434,-2.35848983,-2.35839397,-4.28376466,-4.28368733
0.238,0,0,0,0,0,0,0,0,403.571339,403.598006,404.253256,404.255873,3396.19415,3457.71198,3162.48724,3304.81666,152.656227,153.255231,62.4000612,62.7867094,-0.739196485,-0.754183399,1.16530103,1.167476,-2.35744737,39.9209859,0.0478384044,0.700024042,-2.35293152,-2.35283557,-4.27820524,-4.27812771
0.2385,0,0,0,0,0,0,0,0,403.567293,403.593878,404.248329,404.250898,3396.08118,3457.58811,3165.32902,3307.8385,152.619727,153.21965,62.4026082,62.7895611,-0.73962977,-0.754639344,1.16462378,1.16681006,-2.35187735,39.9208792,0.0478901534,0.698149292,-2.34737338,-2.34727711,-4.27264586,-4.27256813
0.239,0,0,0,0,0,0,0,0,403.563188,403.589692,404.243347,404.245867,3395.97063,3457.46988,3168.1526,3310.84195,152.583281,153.184122,62.4051607,62.7924169,-0.740060612,-0.75509898,1.16396185,1.16615978,-2.34630741,39.9207727,0.0479418071,0.696279251,-2.34181529,-2.34171881,-4.26708654,-4.26700861
0.2395,0,0,0,0,0,0,0,0,403.559025,403.585448,404.238311,404.240782,3395.86246,3457.3542,3170.9576,3313.82668,152.54689,153.148646,62.4077181,62.7952765,-0.740489047,-0.755555838,1.16331523,1.16552542,-2.34073755,39.9206664,0.0479933656,0.694413984,-2.33625724,-2.33616055,-4.26152727,-4.26144914
0.24,0,0,0,0,0,0,0,0,403.554804,403.581147,404.233221,404.235642,3395.75345,3457.23795,3173.74367,3316.79228,152.510554,153.113223,62.4102799,62.7981392,-0.740908591,-0.756003737,1.16268389,1.16490679,-2.33516777,39.9205604,0.0480448286,0.692553557,-2.33069912,-2.33060223,-4.25596805,-4.25588972
0.2405,0,0,0,0,0,0,0,0,403.550526,403.576789,404.228078,404.230447,3395.65001,3457.12729,3176.51044,3319.73839,152.474272,153.077852,62.4128456,62.8010047,-0.741332293,-0.756455267,1.16206779,1.16430384,-2.32959807,39.9204546,0.0480961961,0.690698036,-2.32514118,-2.32504408,-4.25040888,-4.25033036
0.241,0,0,0,0,0,0,0,0,403.54619,403.572373,404.222881,404.225198,3395.54893,3457.01913,3179.25754,3322.66462,152.438045,153.042534,62.4154147,62.8038725,-0.7417534,-0.756903903,1.1614669,1.16371653,-2.32402846,39.920349,0.0481474678,0.688847485,-2.31958328,-2.31948598,-4.24484976,-4.24477105
0.2415,0,0,0,0,0,0,0,0,403.541798,403.567902,404.217631,404.219896,3395.45019,3456.91032,3181.98463,3325.5706,152.401872,153.007268,62.4179865,62.8067421,-0.742171953,-0.757343424,1.16088119,1.16314479,-2.31845893,39.9202436,0.0481986435,0.687001969,-2.31402544,-2.31392781,-4.2392907,-4.23921179
0.242,0,0,0,0,0,0,0,0,403.53735,403.563374,404.212328,404.214541,3395.35051,3456.80708,3184.69134,3328.45596,152.365754,152.972055,62.4205608,62.809613,-0.742581338,-0.757786514,1.16031061,1.16258857,-2.31288949,39.9201385,0.0482497231,0.685161551,-2.30846752,-2.30836981,-4.2337317,-4.23365258
0.2425,0,0,0,0,0,0,0,0,403.532845,403.558791,404.206973,404.209133,3395.25641,3456.70628,3187.37733,3331.32034,152.329692,152.936895,62.4231368,62.8124849,-0.74299485,-0.758226603,1.15975512,1.16204782,-2.30732013,39.9200335,0.0483007064,0.683326294,-2.30290978,-2.30281187,-4.22817274,-4.22809344
0.243,0,0,0,0,0,0,0,0,403.528284,403.554153,404.201566,404.203672,3395.16462,3456.60475,3190.04223,3334.16338,152.293683,152.901787,62.4257142,62.8153573,-0.7434056,-0.758657426,1.15921467,1.16152246,-2.30175085,39.9199288,0.048351593,0.681496262,-2.29735209,-2.29725385,-4.22261384,-4.22253434
0.2435,0,0,0,0,0,0,0,0,403.523669,403.54946,404.196108,404.19816,3395.07513,3456.50876,3192.68571,3336.98471,152.25773,152.866733,62.4282925,62.8182296,-0.743813628,-0.75909175,1.15868921,1.16101244,-2.29618167,39.9198243,0.0484023826,0.679671517,-2.29179445,-2.29169601,-4.217055,-4.21697531
0.244,0,0,0,0,0,0,0,0,403.518998,403.544712,404.190599,404.192596,3394.98458,3456.41516,3195.3074,3339.78398,152.221831,152.831731,62.4308711,62.8211015,-0.744212201,-0.759522967,1.15817869,1.1605177,-2.29061257,39.91972,0.0484530751,0.67785212,-2.28623673,-2.28613823,-4.21149621,-4.21141633
0.2445,0,0,0,0,0,0,0,0,403.514274,403.539911,404.185039,404.186982,3394.89964,3456.32076,3197.90698,3342.56083,152.185988,152.796782,62.4334496,62.8239725,-0.744614862,-0.759944776,1.15768304,1.16003815,-2.28504356,39.9196159,0.04850367,0.676038132,-2.2806792,-2.28058037,-4.20593748,-4.2058574
0.245,0,0,0,0,0,0,0,0,403.509495,403.535056,404.179429,404.181317,3394.81697,3456.23186,3200.48408,3345.31491,152.150199,152.761885,62.4360274,62.8268422,-0.745014596,-0.760370013,1.15720207,1.15957373,-2.27947464,39.919512,0.0485541671,0.674229614,-2.27512172,-2.2750227,-4.20037881,-4.20029854
0.2455,0,0,0,0,0,0,0,0,403.504662,403.530147,404.173769,404.175602,3394.73654,3456.1453,3203.0384,3348.04588,152.114465,152.727042,62.4386042,62.8297102,-0.745411445,-0.760792035,1.15673599,1.15912437,-2.27390582,39.9194083,0.048604566,0.672426625,-2.2695643,-2.26946507,-4.19482019,-4.19473973
0.246,0,0,0,0,0,0,0,0,403.499777,403.525187,404.16806,404.169837,3394.65496,3456.05787,3205.56959,3350.75338,152.078787,152.692252,62.4411794,62.8325759,-0.745798565,-0.761204516,1.15628461,1.15868998,-2.26833708,39.9193048,0.0486548662,0.670629226,-2.2640068,-2.26390738,-4.18926163,-4.18918098
0.2465,0,0,0,0,0,0,0,0,403.494839,403.520173,404.162302,404.164023,3394.579,3455.97592,3208.07732,3353.43709,152.043163,152.657515,62.4437526,62.835439,-0.746189738,-0.761620351,1.15584784,1.1582705,-2.26276843,39.9192016,0.0487050675,0.668837476,-2.25844948,-2.25834987,-4.18370313,-4.18362228
0.247,0,0,0,0,0,0,0,0,403.489848,403.515108,404.156495,404.158161,3394.50525,3455.89625,3210.56125,3356.09666,152.007594,152.622831,62.4463233,62.838299,-0.746577825,-0.762032864,1.15542562,1.15786583,-2.25719988,39.9190985,0.0487551694,0.667051431,-2.25289223,-2.25279241,-4.17814469,-4.17806365
0.2475,0,0,0,0,0,0,0,0,403.484806,403.509992,404.150641,404.15225,3394.43371,3455.81566,3213.02107,3358.73174,151.97208,152.5882,62.4488911,62.8411555,-0.746962877,-0.762435703,1.15501787,1.15747574,-2.25163142,39.9189956,0.0488051715,0.665271151,-2.24733502,-2.24723489,-4.1725863,-4.17250508
0.248,0,0,0,0,0,0,0,0,403.479713,403.504825,404.144739,404.146292,3394.36092,3455.7405,3215.45644,3361.34203,151.936622,152.553623,62.4514555,62.8440081,-0.747337929,-0.762841825,1.15462451,1.15710045,-2.24606306,39.918893,0.0488550734,0.663496692,-2.24177774,-2.24167755,-4.16702798,-4.16694657
0.2485,0,0,0,0,0,0,0,0,403.474568,403.499607,404.13879,404.140288,3394.29376,3455.66758,3217.86706,3363.9272,151.901218,152.519098,62.454016,62.8468563,-0.747717004,-0.763244523,1.15424547,1.15673972,-2.24049479,39.9187905,0.0489048745,0.661728111,-2.23622065,-2.23612026,-4.16146971,-4.16138811
0.249,0,0,0,0,0,0,0,0,403.469374,403.49434,404.132795,404.134236,3394.22877,3455.59367,3220.25261,3366.48692,151.86587,152.484627,62.4565722,62.8496997,-0.748092846,-0.763637421,1.15388066,1.15639345,-2.23492661,39.9186882,0.0489545744,0.659965464,-2.23066362,-2.23056291,-4.15591151,-4.15582972
0.2495,0,0,0,0,0,0,0,0,403.464129,403.489023,404.126753,404.128139,3394.16333,3455.52516,3222.61276,3369.02087,151.830576,152.450209,62.4591237,62.8525379,-0.748460239,-0.764033526,1.15352999,1.15606156,-2.22935854,39.9185862,0.0490041726,0.658208805,-2.22510655,-2.22500575,-4.15035337,-4.15027139
0.25,0,0,0,0,0,0,0,0,403.458835,403.483657,404.120666,404.121996,3394.10265,3455.45884,3224.94723,3371.52874,151.795338,152.415844,62.4616699,62.8553705,-0.748829839,-0.764426117,1.15319338,1.15574395,-2.22379055,39.9184843,0.0490536685,0.656458191,-2.21954963,-2.21944864,-4.14479528,-4.14471312
0.2505,0,0,0,0,0,0,0,0,403.453492,403.478243,404.114534,404.115809,3394.04413,3455.39148,3227.2557,3374.01021,151.760155,152.381533,62.4642106,62.858197,-0.749196122,-0.7648088,1.15287074,1.15544052,-2.21822267,39.9183826,0.0491030616,0.654713674,-2.21399277,-2.21389146,-4.13923726,-4.13915492
0.251,0,0,0,0,0,0,0,0,403.448101,403.47278,404.108358,404.109577,3393.98507,3455.32948,3229.53787,3376.46497,151.725027,152.347275,62.4667452,62.8610171,-0.749553785,-0.765194616,1.15256196,1.15515117,-2.21265489,39.9182811,0.0491523514,0.652975309,-2.20843587,-2.20833447,-4.1336793,-4.13359677
0.2515,0,0,0,0,0,0,0,0,403.442662,403.467271,404.102137,404.103302,3393.93079,3455.26962,3231.79344,3378.89273,151.689955,152.31307,62.4692733,62.8638303,-0.74991362,-0.765576819,1.15226697,1.15487581,-2.2070872,39.9181797,0.0492015372,0.651243147,-2.20287913,-2.20277754,-4.12812141,-4.12803869
0.252,0,0,0,0,0,0,0,0,403.437176,403.461714,404.095874,404.096983,3393.87862,3455.20867,3234.02213,3381.29318,151.654937,152.278919,62.4717945,62.8666361,-0.750270036,-0.765949008,1.15198566,1.15461432,-2.20151961,39.9180786,0.0492506186,0.649517242,-2.19732245,-2.19722054,-4.12256357,-4.12248067
0.2525,0,0,0,0,0,0,0,0,403.431642,403.456111,404.089567,404.090622,3393.82587,3455.15304,3236.22364,3383.66603,151.619975,152.244821,62.4743084,62.8694343,-0.750617668,-0.766324242,1.15171792,1.1543666,-2.19595213,39.9179777,0.0492995948,0.647797644,-2.19176573,-2.19166373,-4.1170058,-4.11692272
0.253,0,0,0,0,0,0,0,0,403.426063,403.450462,404.083219,404.084219,3393.77789,3455.09951,3238.39768,3386.01098,151.585068,152.210777,62.4768145,62.8722244,-0.750967439,-0.766695769,1.15146367,1.15413255,-2.19038474,39.9178769,0.0493484653,0.646084405,-2.18620917,-2.18610699,-4.1114481,-4.11136483
0.2535,0,0,0,0,0,0,0,0,403.420437,403.444768,404.076828,404.077775,3393.73199,3455.04484,3240.54398,3388.32775,151.550217,152.176786,62.4793124,62.8750059,-0.751313692,-0.767057184,1.15122279,1.15391205,-2.18481746,39.9177763,0.0493972293,0.644377575,-2.18065267,-2.18055017,-4.10589045,-4.105807
0.254,0,0,0,0,0,0,0,0,403.414767,403.439029,404.070397,404.07129,3393.68544,3454.99545,3242.66223,3390.61606,151.51542,152.142848,62.4818017,62.8777786,-0.751651002,-0.767421556,1.15099503,1.153705,-2.17925028,39.9176759,0.0494458864,0.642677203,-2.17509613,-2.17499355,-4.10033287,-4.10024924
0.2545,0,0,0,0,0,0,0,0,403.409052,403.433246,404.063925,404.064765,3393.64367,3454.94811,3244.75222,3392.87563,151.480679,152.108964,62.484282,62.8805418,-0.75199042,-0.76778213,1.15078057,1.15351128,-2.1736832,39.9175757,0.0494944357,0.640983339,-2.16953975,-2.16943699,-4.09477536,-4.09469155
0.255,0,0,0,0,0,0,0,0,403.403292,403.42742,404.057413,404.0582,3393.60395,3454.89959,3246.81364,3395.10618,151.445994,152.075133,62.4867528,62.8832954,-0.752326225,-0.768132501,1.15057917,1.15333077,-2.16811623,39.9174756,0.0495428767,0.63929603,-2.16398344,-2.16388036,-4.08921791,-4.08913392
0.2555,0,0,0,0,0,0,0,0,403.39749,403.42155,404.050861,404.051596,3393.56352,3454.8563,3248.84623,3397.30745,151.411363,152.041356,62.4892139,62.8860388,-0.752652933,-0.76848574,1.1503907,1.15316335,-2.16254936,39.9173757,0.0495912086,0.637615323,-2.15842708,-2.15832392,-4.08366053,-4.08357636
0.256,0,0,0,0,0,0,0,0,403.391644,403.415637,404.044271,404.044954,3393.52786,3454.81502,3250.84973,3399.47913,151.376788,152.007632,62.4916647,62.8887718,-0.75298172,-0.768835094,1.15021504,1.15300877,-2.15698259,39.917276,0.0496394307,0.635941267,-2.1528709,-2.15276755,-4.07810321,-4.07801886
0.2565,0,0,0,0,0,0,0,0,403.385755,403.409682,404.037643,404.038274,3393.49423,3454.77252,3252.82389,3401.62103,151.342268,151.973962,62.4941049,62.8914938,-0.753306804,-0.769174161,1.1500521,1.15286719,-2.15141593,39.9171765,0.0496875424,0.634273906,-2.14731477,-2.14721111,-4.07254596,-4.07246143
0.257,0,0,0,0,0,0,0,0,403.379825,403.403686,404.030977,404.031557,3393.45983,3454.73521,3254.76845,3403.73286,151.307804,151.940346,62.4965341,62.8942044,-0.753622639,-0.769516009,1.14990174,1.15273835,-2.14584938,39.9170771,0.0497355428,0.632613287,-2.1417586,-2.14165487,-4.06698878,-4.06690407
0.2575,0,0,0,0,0,0,0,0,403.373853,403.397649,404.024275,404.024804,3393.4302,3454.69986,3256.68316,3405.81437,151.273395,151.906783,62.4989518,62.8969034,-0.753940529,-0.769853889,1.14976384,1.15262212,-2.14028293,39.9169779,0.0497834312,0.630959454,-2.1362026,-2.13609869,-4.06143166,-4.06134677
0.258,0,0,0,0,0,0,0,0,403.367841,403.391572,404.017536,404.018014,3393.40257,3454.66325,3258.56779,3407.86531,151.239041,151.873274,62.5013577,62.8995903,-0.754254628,-0.770181406,1.14963828,1.15251837,-2.13471659,39.9168789,0.0498312069,0.629312451,-2.13064667,-2.13054244,-4.05587461,-4.05578954
0.2585,0,0,0,0,0,0,0,0,403.361789,403.385455,404.010761,404.01119,3393.3741,3454.63178,3260.42209,3409.88543,151.204742,151.839818,62.5037514,62.9022647,-0.754559335,-0.770511616,1.14952495,1.15242698,-2.12915036,39.91678,0.0498788691,0.627672321,-2.12509069,-2.12498639,-4.05031763,-4.05023238
0.259,0,0,0,0,0,0,0,0,403.355697,403.379299,404.003952,404.00433,3393.35042,3454.60224,3262.24584,3411.87451,151.170499,151.806416,62.5061325,62.9049263,-0.754866075,-0.770837775,1.1494237,1.15234782,-2.12358424,39.9166813,0.0499264169,0.626039107,-2.11953489,-2.11943041,-4.04476071,-4.04467529
0.2595,0,0,0,0,0,0,0,0,403.349566,403.373104,403.997108,403.997437,3393.3287,3454.57139,3264.03879,3413.8323,151.136312,151.773067,62.5085007,62.9075746,-0.755168941,-0.771153507,1.14933442,1.15228076,-2.11801822,39.9165827,0.0499738496,0.624412851,-2.11397915,-2.11387436,-4.03920386,-4.03911827
0.26,0,0,0,0,0,0,0,0,403.343397,403.366871,403.99023,403.99051,3393.30609,3454.54565,3265.80073,3415.75857,151.102179,151.739772,62.5108555,62.9102093,-0.755462277,-0.771471842,1.14925698,1.15222567,-2.11245231,39.9164843,0.0500211664,0.622793594,-2.10842337,-2.1083185,-4.03364709,-4.03356132
0.2605,0,0,0,0,0,0,0,0,403.337191,403.360601,403.983319,403.983551,3393.28826,3454.52178,3267.53143,3417.65311,151.068102,151.70653,62.5131965,62.91283,-0.755757627,-0.771786051,1.14919124,1.1521824,-2.10688652,39.9163861,0.0500683663,0.621181376,-2.10286776,-2.10276272,-4.02809038,-4.02800443
0.261,0,0,0,0,0,0,0,0,403.330947,403.354294,403.976376,403.97656,3393.27237,3454.49659,3269.23069,3419.51569,151.034081,151.673343,62.5155235,62.9154363,-0.756049025,-0.772089774,1.14913707,1.15215084,-2.10132083,39.916288,0.0501154487,0.619576237,-2.09731222,-2.09720687,-4.02253374,-4.02244762
0.2615,0,0,0,0,0,0,0,0,403.324666,403.347951,403.969401,403.969537,3393.25553,3454.47643,3270.89828,3421.3461,151.000115,151.640208,62.5178359,62.9180279,-0.756330758,-0.772396012,1.14909434,1.15213083,-2.09575526,39.91619,0.0501624125,0.617978217,-2.09175663,-2.09165121,-4.01697717,-4.01689087
0.262,0,0,0,0,0,0,0,0,403.31835,403.341572,403.962395,403.962483,3393.24347,3454.45813,3272.53401,3423.14413,150.966204,151.607128,62.5201335,62.9206044,-0.756614491,-0.772698052,1.14906291,1.15212224,-2.09018979,39.9160922,0.050209257,0.616387352,-2.08620122,-2.08609563,-4.01142067,-4.0113342
0.2625,0,0,0,0,0,0,0,0,403.311999,403.335159,403.955358,403.955399,3393.23332,3454.43845,3274.13767,3424.90957,150.932348,151.574101,62.5224159,62.9231653,-0.756894197,-0.772989557,1.14904265,1.15212494,-2.08462444,39.9159946,0.0502559813,0.614803681,-2.08064588,-2.08053998,-4.00586423,-4.0057776
0.263,0,0,0,0,0,0,0,0,403.305613,403.328711,403.948291,403.948286,3393.22216,3454.42378,3275.70907,3426.64222,150.898548,151.541127,62.5246827,62.9257104,-0.757164112,-0.773283487,1.14903341,1.15213878,-2.0790592,39.9158971,0.0503025844,0.61322724,-2.07509049,-2.07498453,-4.00030787,-4.00022106
0.2635,0,0,0,0,0,0,0,0,403.299193,403.322229,403.941195,403.941143,3393.21579,3454.4109,3277.24801,3428.34189,150.864804,151.508207,62.5269336,62.9282394,-0.757436013,-0.773573154,1.14903506,1.15216362,-2.07349407,39.9157998,0.0503490656,0.611658065,-2.06953528,-2.06942914,-3.99475159,-3.9946646
0.264,0,0,0,0,0,0,0,0,403.292739,403.315715,403.934071,403.933973,3393.2113,3454.39664,3278.75428,3430.00839,150.831115,151.475341,62.5291681,62.9307517,-0.757703819,-0.773852243,1.14904731,1.15219931,-2.06792905,39.9157026,0.0503954237,0.610096192,-2.06398014,-2.0638737,-3.98919537,-3.98910821
0.2645,0,0,0,0,0,0,0,0,403.286253,403.309167,403.926919,403.926775,3393.20575,3454.38731,3280.22776,3431.64153,150.797481,151.442529,62.531386,62.9332471,-0.757961712,-0.774133671,1.14907031,1.15224572,-2.06236415,39.9156055,0.050441658,0.608541654,-2.05842496,-2.05831846,-3.98363922,-3.98355189
0.265,0,0,0,0,0,0,0,0,403.279735,403.302589,403.919739,403.91955,3393.20499,3454.37976,3281.66823,3433.2411,150.763902,151.40977,62.5335869,62.9357252,-0.758221582,-0.774410773,1.14910376,1.15230254,-2.05679937,39.9155086,0.0504877675,0.606994485,-2.05286996,-2.05276328,-3.97808314,-3.97799565
0.2655,0,0,0,0,0,0,0,0,403.273185,403.295979,403.912534,403.912299,3393.20607,3454.37078,3283.07553,3434.80699,150.730379,151.377064,62.5357704,62.9381856,-0.758477294,-0.774677263,1.14914753,1.15236993,-2.05123469,39.9154118,0.0505337513,0.605454719,-2.04731502,-2.04720804,-3.97252714,-3.97243947
0.266,0,0,0,0,0,0,0,0,403.266605,403.289338,403.905302,403.905023,3393.20605,3454.3667,3284.44949,3436.33899,150.696912,151.344413,62.5379363,62.9406281,-0.758722976,-0.774946005,1.14920146,1.15244758,-2.04567013,39.9153152,0.0505796084,0.603922387,-2.04176004,-2.041653,-3.96697121,-3.96688337
0.2665,0,0,0,0,0,0,0,0,403.259995,403.282668,403.898045,403.897721,3393.21081,3454.36434,3285.78995,3437.83695,150.663499,151.311814,62.540084,62.9430522,-0.758970629,-0.775210368,1.14926541,1.15253535,-2.04010569,39.9152186,0.0506253378,0.60239752,-2.03620525,-2.03609803,-3.96141535,-3.96132734
0.267,0,0,0,0,0,0,0,0,403.253355,403.275969,403.890763,403.890396,3393.2174,3454.36053,3287.09675,3439.30069,150.630142,151.27927,62.5422134,62.9454576,-0.759214064,-0.775464091,1.14933923,1.15263309,-2.03454136,39.9151223,0.0506709386,0.600880148,-2.03065052,-2.03054301,-3.95585956,-3.95577139
0.2675,0,0,0,0,0,0,0,0,403.246686,403.26924,403.883458,403.883047,3393.22282,3454.36157,3288.36974,3440.73007,150.596841,151.246779,62.5443241,62.947844,-0.75944736,-0.775719982,1.14942276,1.15274064,-2.02897715,39.915026,0.0507164097,0.599370303,-2.02509574,-2.02498817,-3.95030384,-3.9502155
0.268,0,0,0,0,0,0,0,0,403.239989,403.262485,403.87613,403.875675,3393.23302,3454.3643,3289.60877,3442.12493,150.563595,151.214341,62.5464157,62.950211,-0.759682627,-0.775971439,1.14951587,1.15285786,-2.02341306,39.9149299,0.0507617503,0.597868012,-2.01954116,-2.01943341,-3.9447482,-3.94465969
0.2685,0,0,0,0,0,0,0,0,403.233265,403.255702,403.868779,403.868281,3393.24503,3454.36556,3290.8137,3443.48513,150.530404,151.181958,62.5484879,62.9525583,-0.75991362,-0.776212241,1.14961838,1.15298459,-2.01784908,39.9148339,0.0508069591,0.596373303,-2.01398664,-2.0138786,-3.93919263,-3.93910396
0.269,0,0,0,0,0,0,0,0,403.226514,403.248892,403.861406,403.860865,3393.25582,3454.3716,3291.9844,3444.81053,150.497269,151.149627,62.5505405,62.9548855,-0.760134371,-0.776455126,1.14973016,1.15312066,-2.01228521,39.914738,0.0508520353,0.594886205,-2.00843207,-2.00832398,-3.93363714,-3.9335483
0.2695,0,0,0,0,0,0,0,0,403.219737,403.242057,403.854012,403.853429,3393.27139,3454.3793,3293.12073,3446.101,150.464188,151.11735,62.5525729,62.9571923,-0.760357096,-0.776693531,1.14985105,1.15326594,-2.00672147,39.9146423,0.0508969779,0.593406743,-2.00287769,-2.00276943,-3.92808171,-3.92799271
0.27,0,0,0,0,0,0,0,0,403.212935,403.235196,403.846598,403.845973,3393.28873,3454.38551,3294.22256,3447.35641,150.431164,151.085127,62.554585,62.9594785,-0.760575496,-0.77692127,1.14998088,1.15342026,-2.00115784,39.9145467,0.0509417857,0.591934943,-1.99732339,-1.99721483,-3.92252637,-3.92243719
0.2705,0,0,0,0,0,0,0,0,403.206107,403.228311,403.839164,403.838497,3393.30481,3454.39645,3295.28978,3448.57662,150.398194,151.052958,62.5565764,62.9617436,-0.760783557,-0.777151011,1.15011951,1.15358346,-1.99559433,39.9144512,0.0509864578,0.590470829,-1.99176903,-1.99166042,-3.91697109,-3.91688175
0.271,0,0,0,0,0,0,0,0,403.199256,403.221403,403.831712,403.831003,3393.32567,3454.40901,3296.32227,3449.76153,150.36528,151.020841,62.5585469,62.9639873,-0.760993598,-0.777376229,1.15026677,1.15375538,-1.99003094,39.9143558,0.051030993,0.589014427,-1.98621487,-1.98610609,-3.91141589,-3.91132639
0.2715,0,0,0,0,0,0,0,0,403.192381,403.214471,403.82424,403.82349,3393.34829,3454.42006,3297.31992,3450.91102,150.332422,150.988779,62.560496,62.9662093,-0.76119927,-0.777590781,1.15042251,1.15393586,-1.98446767,39.9142605,0.0510753904,0.58756576,-1.98066077,-1.9805517,-3.90586077,-3.9057711
0.272,0,0,0,0,0,0,0,0,403.185484,403.207516,403.816752,403.81596,3393.36958,3454.43579,3298.28262,3452.02498,150.299618,150.956769,62.5624235,62.9684094,-0.761394511,-0.777807254,1.15058657,1.15412475,-1.97890452,39.9141654,0.0511196488,0.586124849,-1.97510663,-1.97499751,-3.90030571,-3.90021588
0.2725,0,0,0,0,0,0,0,0,403.178565,403.20054,403.809246,403.808414,3393.39566,3454.4531,3299.21026,3453.1033,150.26687,150.924814,62.5643291,62.9705871,-0.761591742,-0.778019167,1.15075878,1.15432188,-1.97334148,39.9140703,0.0511637671,0.584691716,-1.96955268,-1.96944339,-3.89475074,-3.89466074
0.273,0,0,0,0,0,0,0,0,403.171624,403.193543,403.801724,403.800852,3393.42346,3454.46889,3300.10277,3454.14589,150.234177,150.892911,62.5662124,62.9727422,-0.761784566,-0.77822042,1.150939,1.15452709,-1.96777856,39.9139754,0.0512077444,0.583266383,-1.9639988,-1.96388922,-3.88919584,-3.88910568
0.2735,0,0,0,0,0,0,0,0,403.164663,403.186526,403.794187,403.793274,3393.4499,3454.4893,3300.96004,3455.15266,150.20154,150.861062,62.5680733,62.9748743,-0.761966872,-0.778423517,1.15112704,1.15474022,-1.96221577,39.9138806,0.0512515794,0.581848869,-1.95844487,-1.95833524,-3.88364101,-3.88355069
0.274,0,0,0,0,0,0,0,0,403.157682,403.179489,403.786634,403.785682,3393.48111,3454.51125,3301.78199,3456.12352,150.168957,150.829267,62.5699113,62.9769832,-0.762151183,-0.778622021,1.15132276,1.1549611,-1.95665309,39.9137859,0.0512952711,0.580439194,-1.95289114,-1.95278134,-3.87808626,-3.87799578
0.2745,0,0,0,0,0,0,0,0,403.150682,403.172433,403.779068,403.778076,3393.51403,3454.53167,3302.56855,3457.05838,150.136431,150.797525,62.5717262,62.9790685,-0.762331052,-0.778809879,1.15152599,1.15518957,-1.95109054,39.9136913,0.0513388184,0.579037375,-1.94733747,-1.94722739,-3.87253158,-3.87244094
0.275,0,0,0,0,0,0,0,0,403.143663,403.165358,403.771488,403.770457,3393.54554,3454.55665,3303.31963,3457.95717,150.103959,150.765836,62.5735177,62.98113,-0.762500325,-0.778999506,1.15173657,1.15542546,-1.9455281,39.9135968,0.0513822201,0.577643431,-1.94178376,-1.94167363,-3.86697698,-3.86688617
0.2755,0,0,0,0,0,0,0,0,403.136626,403.158267,403.763896,403.762826,3393.58182,3454.58314,3304.03514,3458.81979,150.071542,150.734201,62.5752855,62.9831674,-0.76267162,-0.779184514,1.15195418,1.15566846,-1.93996578,39.9135024,0.0514254752,0.576257378,-1.93623024,-1.93611995,-3.86142245,-3.86133149
0.276,0,0,0,0,0,0,0,0,403.129573,403.151158,403.756291,403.755183,3393.61979,3454.60809,3304.71507,3459.64623,150.039181,150.702619,62.5770294,62.9851803,-0.762838445,-0.779358897,1.15217895,1.1559187,-1.93440359,39.9134081,0.0514685824,0.574879232,-1.93067679,-1.93056622,-3.855868,-3.85577688
0.2765,0,0,0,0,0,0,0,0,403.122503,403.144033,403.748675,403.747529,3393.65629,3454.63754,3305.35934,3460.4364,150.006875,150.671091,62.578749,62.9871685,-0.7629946,-0.779534975,1.15241058,1.15617586,-1.92884151,39.9133139,0.0515115407,0.573509007,-1.9251233,-1.92501267,-3.85031363,-3.85022234
0.277,0,0,0,0,0,0,0,0,403.115417,403.136893,403.741049,403.739865,3393.69757,3454.66847,3305.96789,3461.19023,149.974624,150.639615,62.5804441,62.9891316,-0.7631528,-0.779706413,1.15264888,1.15643979,-1.92327956,39.9132198,0.0515543489,0.572146719,-1.91956999,-1.91945921,-3.84475933,-3.84466789
0.2775,0,0,0,0,0,0,0,0,403.108317,403.129739,403.733412,403.732191,3393.74051,3454.69784,3306.54067,3461.90769,149.942429,150.608193,62.5821144,62.9910695,-0.763306505,-0.779867255,1.1528937,1.1567103,-1.91771773,39.9131257,0.0515970058,0.570792381,-1.91401676,-1.9139057,-3.83920511,-3.8391135
0.278,0,0,0,0,0,0,0,0,403.101202,403.12257,403.725767,403.724508,3393.78194,3454.73166,3307.07765,3462.58872,149.910289,150.576825,62.5837597,62.9929818,-0.763449474,-0.780029723,1.15314487,1.15698723,-1.91215602,39.9130318,0.0516395103,0.569446004,-1.90846349,-1.90835238,-3.83365096,-3.8335592
0.2785,0,0,0,0,0,0,0,0,403.094074,403.115388,403.718113,403.716817,3393.82815,3454.76692,3307.57877,3463.23329,149.878203,150.545509,62.5853797,62.9948682,-0.763594514,-0.780187533,1.15340223,1.15727041,-1.90659443,39.912938,0.0516818613,0.568107602,-1.9029104,-1.90279913,-3.82809689,-3.82800497
0.279,0,0,0,0,0,0,0,0,403.086932,403.108193,403.710451,403.709119,3393.87598,3454.80063,3308.04402,3463.84136,149.846173,150.514247,62.5869741,62.9967285,-0.763735041,-0.780334783,1.15366559,1.15755968,-1.90103296,39.9128443,0.0517240575,0.566777184,-1.89735739,-1.89724584,-3.8225429,-3.82245082
0.2795,0,0,0,0,0,0,0,0,403.079779,403.100987,403.702782,403.701414,3393.92227,3454.83871,3308.47336,3464.4129,149.814198,150.483038,62.5885426,62.9985624,-0.763864771,-0.780483593,1.1539348,1.15785486,-1.89547161,39.9127506,0.0517660977,0.56545476,-1.89180433,-1.89169274,-3.81698898,-3.81689675
0.28,0,0,0,0,0,0,0,0,403.072615,403.093769,403.695107,403.693703,3393.97334,3454.87821,3308.86677,3464.94789,149.782279,150.451882,62.5900851,63.0003696,-0.763996603,-0.780627732,1.15420969,1.15815579,-1.88991039,39.912657,0.0518079809,0.564140341,-1.88625147,-1.88613971,-3.81143514,-3.81134275
0.2805,0,0,0,0,0,0,0,0,403.06544,403.086541,403.687426,403.685987,3394.02601,3454.91614,3309.22423,3465.4463,149.750414,150.42078,62.5916013,63.00215,-0.764123907,-0.780761357,1.15449008,1.15846229,-1.88434928,39.9125636,0.0518497057,0.562833934,-1.88069868,-1.88058665,-3.80588138,-3.80578883
0.281,0,0,0,0,0,0,0,0,403.058255,403.079303,403.67974,403.678267,3394.07709,3454.9584,3309.54574,3465.90813,149.718605,150.38973,62.5930908,63.0039031,-0.764240361,-0.780896475,1.1547758,1.15877419,-1.8787883,39.9124702,0.051891271,0.561535547,-1.87514584,-1.87503377,-3.80032769,-3.80023498
0.2815,0,0,0,0,0,0,0,0,403.05106,403.072057,403.672051,403.670542,3394.13294,3455.00204,3309.83128,3466.33336,149.68685,150.358734,62.5945536,63.0056288,-0.76435895,-0.781026918,1.1550667,1.15909132,-1.87322744,39.9123768,0.0519326756,0.560245186,-1.86959319,-1.86948096,-3.79477408,-3.79468122
0.282,0,0,0,0,0,0,0,0,403.043858,403.064802,403.664357,403.662815,3394.19039,3455.04411,3310.08086,3466.72199,149.655151,150.32779,62.5959894,63.0073269,-0.764473004,-0.781146896,1.15536259,1.15941352,-1.8676667,39.9122836,0.0519739184,0.558962858,-1.86404062,-1.86392812,-3.78922054,-3.78912753
0.2825,0,0,0,0,0,0,0,0,403.036647,403.05754,403.656661,403.655085,3394.24619,3455.09044,3310.29448,3467.07402,149.623506,150.2969,62.5973978,63.008997,-0.764576159,-0.781268307,1.1556633,1.1597406,-1.86210609,39.9121904,0.052014998,0.557688567,-1.858488,-1.85837546,-3.78366709,-3.78357391
0.283,0,0,0,0,0,0,0,0,403.02943,403.050271,403.648963,403.647353,3394.30677,3455.13812,3310.47215,3467.38947,149.591917,150.266063,62.5987788,63.0106389,-0.764681489,-0.781385041,1.15596867,1.1600724,-1.85654559,39.9120973,0.0520559132,0.556422318,-1.85293558,-1.85282288,-3.77811371,-3.77802038
0.2835,0,0,0,0,0,0,0,0,403.022206,403.042995,403.641263,403.63962,3394.36891,3455.18423,3310.61388,3467.66833,149.560383,150.235279,62.600132,63.0122524,-0.764782279,-0.781491368,1.15627853,1.16040874,-1.85098522,39.9120043,0.0520966629,0.555164114,-1.84738323,-1.84727026,-3.7725604,-3.77246692
0.284,0,0,0,0,0,0,0,0,403.014977,403.035715,403.633563,403.631887,3394.42937,3455.23455,3310.7197,3467.91063,149.528904,150.204547,62.6014573,63.0138373,-0.764872129,-0.78159907,1.15659269,1.16074946,-1.84542497,39.9119114,0.0521372458,0.553913957,-1.84183083,-1.84171782,-3.76700717,-3.76691354
0.2845,0,0,0,0,0,0,0,0,403.007742,403.02843,403.625863,403.624155,3394.49461,3455.28617,3310.78962,3468.11639,149.497479,150.173869,62.6027544,63.0153933,-0.764964196,-0.7817021,1.156911,1.16109438,-1.83986485,39.9118185,0.0521776607,0.552671849,-1.83627862,-1.83616546,-3.76145402,-3.76136023
0.285,0,0,0,0,0,0,0,0,403.000504,403.021141,403.618163,403.616423,3394.56139,3455.33623,3310.82369,3468.28565,149.46611,150.143244,62.6040232,63.0169202,-0.765051725,-0.781794786,1.15723328,1.16144334,-1.83430484,39.9117257,0.0522179064,0.551437791,-1.8307265,-1.83061306,-3.75590095,-3.75580701
0.2855,0,0,0,0,0,0,0,0,402.993262,403.013848,403.610465,403.608694,3394.62645,3455.39044,3310.82192,3468.41842,149.434796,150.112671,62.6052634,63.0184178,-0.765128279,-0.781888793,1.15755936,1.16179614,-1.82874496,39.911633,0.0522579815,0.550211783,-1.82517431,-1.82506085,-3.75034795,-3.75025386
0.286,0,0,0,0,0,0,0,0,402.986018,403.006553,403.60277,403.600967,3394.69628,3455.44593,3310.78437,3468.51475,149.403536,150.082152,62.6064748,63.0198859,-0.765207096,-0.781978137,1.15788906,1.16215264,-1.8231852,39.9115403,0.0522978849,0.548993824,-1.81962233,-1.81950871,-3.74479503,-3.74470079
0.2865,0,0,0,0,0,0,0,0,402.978772,402.999257,403.595077,403.593243,3394.76763,3455.49985,3310.71108,3468.57469,149.372332,150.051685,62.6076572,63.0213241,-0.765281383,-0.782057209,1.15822222,1.16251264,-1.81762556,39.9114477,0.0523376154,0.547783912,-1.81407043,-1.81395653,-3.73924219,-3.73914779
0.287,0,0,0,0,0,0,0,0,402.971524,402.991959,403.587388,403.585523,3394.83722,3455.55786,3310.6021,3468.59828,149.341182,150.021271,62.6088105,63.0227325,-0.765344664,-0.78213755,1.15855867,1.16287599,-1.81206604,39.9113551,0.0523771716,0.546582046,-1.80851846,-1.80840454,-3.73368942,-3.73359487
0.2875,0,0,0,0,0,0,0,0,402.964276,402.984662,403.579703,403.577808,3394.91158,3455.61712,3310.45748,3468.58557,149.310088,149.99091,62.6099343,63.0241106,-0.765410259,-0.782213242,1.15889823,1.16324251,-1.80650665,39.9112626,0.0524165524,0.545388221,-1.8029667,-1.80285263,-3.72813674,-3.72804203
0.288,0,0,0,0,0,0,0,0,402.957028,402.977364,403.572023,403.570099,3394.98745,3455.67481,3310.2773,3468.53662,149.279048,149.960602,62.6110287,63.0254584,-0.765471336,-0.78227874,1.15924073,1.16361202,-1.80094737,39.9111702,0.0524557565,0.544202433,-1.79741502,-1.79730067,-3.72258412,-3.72248927
0.2885,0,0,0,0,0,0,0,0,402.949781,402.970068,403.564349,403.562395,3395.06151,3455.73653,3310.0616,3468.45151,149.248063,149.930346,62.6120933,63.0267757,-0.765521384,-0.78234546,1.159586,1.16398436,-1.79538822,39.9110778,0.0524947825,0.543024678,-1.79186328,-1.7917489,-3.71703159,-3.71693658
0.289,0,0,0,0,0,0,0,0,402.942536,402.962773,403.556681,403.554699,3395.14034,3455.79948,3309.81047,3468.33028,149.217133,149.900143,62.6131281,63.0280621,-0.7655738,-0.78240755,1.15993388,1.16435935,-1.78982919,39.9109855,0.0525336293,0.541854949,-1.78631174,-1.78619721,-3.71147913,-3.71138397
0.2895,0,0,0,0,0,0,0,0,402.935293,402.955482,403.54902,403.547009,3395.22066,3455.86086,3309.52397,3468.17303,149.186257,149.869992,62.6141327,63.0293177,-0.765621715,-0.782459529,1.16028418,1.16473683,-1.78427028,39.9108932,0.0525722956,0.54069324,-1.78076027,-1.78064548,-3.70592674,-3.70583144
0.29,0,0,0,0,0,0,0,0,402.928053,402.948192,403.541367,403.539328,3395.29914,3455.92621,3309.2022,3467.9798,149.155437,149.839895,62.6151072,63.0305421,-0.765658583,-0.782512686,1.16063674,1.16511647,-1.7787115,39.910801,0.0526107801,0.539539544,-1.77520875,-1.77509393,-3.70037444,-3.70027898
0.2905,0,0,0,0,0,0,0,0,402.920815,402.940906,403.533723,403.531656,3395.38238,3455.99275,3308.84523,3467.75072,149.124671,149.80985,62.6160512,63.0317352,-0.765697877,-0.782561237,1.16099139,1.16549839,-1.77315283,39.9107088,0.0526490816,0.538393852,-1.76965743,-1.76954246,-3.69482221,-3.6947266
0.291,0,0,0,0,0,0,0,0,402.91358,402.933623,403.526088,403.523994,3395.46708,3456.05773,3308.45316,3467.48586,149.09396,149.779857,62.6169647,63.0328968,-0.76573269,-0.782599749,1.16134796,1.16588228,-1.76759429,39.9106167,0.0526871987,0.537256155,-1.76410618,-1.76399095,-3.68927006,-3.6891743
0.2915,0,0,0,0,0,0,0,0,402.90635,402.926344,403.518463,403.516341,3395.54991,3456.12662,3308.02608,3467.18532,149.063303,149.749917,62.6178474,63.0340267,-0.765756444,-0.782639417,1.16170628,1.16626797,-1.76203586,39.9105246,0.0527251302,0.536126443,-1.75855488,-1.75843962,-3.68371798,-3.68362207
0.292,0,0,0,0,0,0,0,0,402.899122,402.919068,403.510848,403.5087,3395.6375,3456.19668,3307.56409,3466.84918,149.032702,149.720029,62.6186994,63.0351249,-0.765782685,-0.782674503,1.16206617,1.16665528,-1.75647756,39.9104326,0.0527628749,0.535004706,-1.75300378,-1.75288837,-3.67816598,-3.67806993
0.2925,0,0,0,0,0,0,0,0,402.8919,402.911797,403.503245,403.50107,3395.72653,3456.26517,3307.0673,3466.47757,149.002155,149.690194,62.6195203,63.036191,-0.765804471,-0.782699629,1.16242747,1.16704405,-1.75091938,39.9103406,0.0528004314,0.533890931,-1.74745275,-1.74733708,-3.67261405,-3.67251785
0.293,0,0,0,0,0,0,0,0,402.884682,402.904531,403.495653,403.493453,3395.81366,3456.33752,3306.53582,3466.07057,148.971662,149.660411,62.6203101,63.0372251,-0.765815193,-0.78272589,1.16279001,1.1674341,-1.74536132,39.9102487,0.0528377984,0.532785106,-1.74190167,-1.74178598,-3.6670622,-3.66696586
0.2935,0,0,0,0,0,0,0,0,402.877469,402.897271,403.488075,403.485848,3395.90554,3456.41102,3305.96976,3465.62831,148.941224,149.630681,62.6210686,63.0382269,-0.765828467,-0.782747604,1.16315361,1.16782527,-1.73980338,39.9101568,0.0528749746,0.531687219,-1.73635079,-1.73623494,-3.66151043,-3.66141394
0.294,0,0,0,0,0,0,0,0,402.870261,402.890015,403.480509,403.478258,3395.99885,3456.48294,3305.36922,3465.15091,148.910841,149.601003,62.6217957,63.0391962,-0.765837317,-0.782759441,1.16351798,1.16821738,-1.73424556,39.910065,0.0529119589,0.530597255,-1.73079998,-1.73068388,-3.65595874,-3.65586209
0.2945,0,0,0,0,0,0,0,0,402.86306,402.882766,403.472958,403.470681,3396.09021,3456.55867,3304.73438,3464.63848,148.880513,149.571377,62.6224914,63.040133,-0.765835103,-0.782772397,1.16388322,1.16861027,-1.72868786,39.9099732,0.0529487498,0.529515199,-1.72524911,-1.72513299,-3.65040712,-3.65031033
0.295,0,0,0,0,0,0,0,0,402.855864,402.875524,403.465421,403.46312,3396.18633,3456.63552,3304.06533,3464.09115,148.850239,149.541804,62.6231553,63.041037,-0.76583551,-0.782780844,1.16424902,1.16900377,-1.72313027,39.9098815,0.0529853461,0.528441036,-1.71969845,-1.71958217,-3.64485557,-3.64475863
0.2955,0,0,0,0,0,0,0,0,402.848676,402.868288,403.4579,403.455574,3396.28385,3456.71079,3303.36222,3463.50906,148.820019,149.512282,62.6237876,63.0419083,-0.765831529,-0.782779504,1.16461523,1.16939771,-1.71757281,39.9097898,0.0530217465,0.527374749,-1.71414786,-1.71403133,-3.6393041,-3.63920702
0.296,0,0,0,0,0,0,0,0,402.841495,402.861059,403.450395,403.448045,3396.37939,3456.78983,3302.62518,3462.89235,148.789854,149.482813,62.6243879,63.0427466,-0.765816489,-0.782779271,1.16498166,1.16979193,-1.71201547,39.9096982,0.0530579498,0.52631632,-1.70859721,-1.70848066,-3.63375271,-3.63365548
0.2965,0,0,0,0,0,0,0,0,402.834321,402.853839,403.442906,403.440533,3396.47968,3456.86995,3301.85435,3462.24115,148.759744,149.453396,62.6249564,63.0435518,-0.765804143,-0.782774572,1.16534816,1.17018625,-1.70645825,39.9096066,0.0530939546,0.525265733,-1.70304676,-1.70293006,-3.62820139,-3.62810401
0.297,0,0,0,0,0,0,0,0,402.827156,402.846627,403.435435,403.433039,3396.58136,3456.9485,3301.04989,3461.55561,148.729687,149.424031,62.6254927,63.0443238,-0.765787448,-0.782760186,1.16571456,1.1705805,-1.70090114,39.909515,0.0531297597,0.524222968,-1.69749639,-1.69737943,-3.62265014,-3.62255262
0.2975,0,0,0,0,0,0,0,0,402.82,402.839423,403.427982,403.425563,3396.68103,3457.03076,3300.21195,3460.83589,148.699686,149.394719,62.6259969,63.0450625,-0.765759707,-0.782746895,1.16608069,1.17097453,-1.69534415,39.9094235,0.0531653638,0.523188006,-1.69194596,-1.69182898,-3.61709897,-3.61700131
0.298,0,0,0,0,0,0,0,0,402.812853,402.832229,403.420547,403.418106,3396.78544,3457.11408,3299.34068,3460.08213,148.669739,149.365458,62.6264689,63.0457678,-0.765734736,-0.782729187,1.16644639,1.17136817,-1.68978729,39.909332,0.0532007656,0.522160825,-1.68639573,-1.6862786,-3.61154788,-3.61145007
0.2985,0,0,0,0,0,0,0,0,402.805715,402.825045,403.413132,403.410669,3396.89122,3457.19584,3298.43625,3459.2945,148.639846,149.336249,62.6269085,63.0464395,-0.765705463,-0.782701896,1.1668115,1.17176125,-1.68423053,39.9092405,0.0532359639,0.521141406,-1.68084557,-1.68072819,-3.60599686,-3.60589891
0.299,0,0,0,0,0,0,0,0,402.798588,402.817871,403.405737,403.403252,3396.99496,3457.28124,3297.49882,3458.47316,148.610007,149.307093,62.6273158,63.0470777,-0.765665159,-0.782675693,1.16717585,1.17215362,-1.6786739,39.9091491,0.0532709573,0.520129725,-1.67529535,-1.67517795,-3.60044592,-3.60034782
0.2995,0,0,0,0,0,0,0,0,402.791471,402.810708,403.398363,403.395856,3397.10344,3457.36768,3296.52857,3457.61829,148.580223,149.277988,62.6276905,63.0476821,-0.765627707,-0.782645124,1.16753929,1.17254509,-1.67311738,39.9090578,0.0533057446,0.519125761,-1.66974533,-1.66962779,-3.59489505,-3.5947968
0.3,0,0,0,0,0,0,0,0,402.784366,402.803556,403.39101,403.388482,3397.21326,3457.45515,3295.52566,3456.73005,148.550493,149.248935,62.6280328,63.0482528,-0.765586002,-0.782610273,1.16790164,1.17293552,-1.66756098,39.9089664,0.0533403245,0.51812949,-1.66419538,-1.66407769,-3.58934425,-3.58924586
